-- Database table creation
-- This file creates the tables used for CPSC368
-- Project by Kourosh Shahbazi, Oliver Gullery, Riddhi Battu & Sam Thorne | 83910448

-- Creating schema
-- CREATE SCHEMA Environment;

-- Adding in the tables:

CREATE TABLE Country (
    CountryID INT,
    Name VARCHAR(30),
    PRIMARY KEY (CountryID),
    UNIQUE (CountryID, Name)
);

CREATE TABLE EmissionData (
    EmissionID INT PRIMARY KEY,
    CarbonDioxideEmissions DECIMAL,
    NitrousOxideEmissions DECIMAL,
    TotalGHGEmissions DECIMAL,
    MethaneEmissions DECIMAL,
    CountryID INT,
    Name VARCHAR(30),
    FOREIGN KEY (CountryID, Name) REFERENCES Country(CountryID, Name)
);

CREATE TABLE HealthSystem (
    HealthSystemID INT PRIMARY KEY,
    CountryID INT,
    CompletenessOfBirthRegistration DECIMAL,
    CompletenessOfDeathRegistration DECIMAL,
    FOREIGN KEY (CountryID) REFERENCES Country(CountryID)
);

CREATE TABLE HealthExpenditure (
    HealthExpenditureID INT,
    HealthSystemID INT,
    PercentOfGDP DECIMAL,
    PercentOfPublicFunded DECIMAL,
    PercentOutOfPocketCosts DECIMAL,
    PerCapita DECIMAL,
    ExternalHealthExpenditure DECIMAL,
    PRIMARY KEY(HealthExpenditureID, HealthSystemID),
    FOREIGN KEY (HealthSystemID) REFERENCES HealthSystem(HealthSystemID)
);

CREATE TABLE HealthWorkers (
    HealthWorkerID INT PRIMARY KEY,
    HealthSystemID INT,
    NumberOfNursesMidwives DECIMAL,
    NumberOfSpecialistSurgicalWorkforce DECIMAL,
    NumberOfPhysicians DECIMAL,
    FOREIGN KEY (HealthSystemID) REFERENCES HealthSystem(HealthSystemID)
);

CREATE TABLE HealthRiskFactors (
    HealthRiskFactorID INT PRIMARY KEY,
    CountryID INT,
    HealthSystemID INT,
    MaleTobaccoUse DECIMAL,
    FemaleTobaccoUse DECIMAL,
    IncidenceOfTuberculosis DECIMAL,
    PrevalenceOfDiabetes DECIMAL,
    FOREIGN KEY (CountryID) REFERENCES Country(CountryID),
    FOREIGN KEY (HealthSystemID) REFERENCES HealthSystem(HealthSystemID)
);

CREATE TABLE PopulationCauseOfDeath (
    DeathID INT PRIMARY KEY,
    HealthRiskFactorID INT,
    Injuries DECIMAL,
    NonCommunicableDiseases DECIMAL,
    CommunicableDiseases DECIMAL,
    FOREIGN KEY (HealthRiskFactorID) REFERENCES HealthRiskFactors(HealthRiskFactorID)
);

CREATE TABLE PrevalenceOfHIV (
    HIVID INT,
    IncidenceOfHIV DECIMAL,
    DeathID INT,
    YouthMale DECIMAL,
    YouthFemale DECIMAL,
    WomanAge15Plus DECIMAL,
    PRIMARY KEY (HIVID, DeathID),
    FOREIGN KEY (DeathID) REFERENCES PopulationCauseOfDeath(DeathID)
);

-- change incidence of HIV primary key
-- Adding Tuples:
-- Adding into Country:


INSERT INTO Country(CountryID,Name) VALUES (1,'Afghanistan');
INSERT INTO Country(CountryID,Name) VALUES (2,'Albania');
INSERT INTO Country(CountryID,Name) VALUES (3,'Algeria');
INSERT INTO Country(CountryID,Name) VALUES (4,'American Samoa');
INSERT INTO Country(CountryID,Name) VALUES (5,'Andorra');
INSERT INTO Country(CountryID,Name) VALUES (6,'Angola');
INSERT INTO Country(CountryID,Name) VALUES (7,'Antigua and Barbuda');
INSERT INTO Country(CountryID,Name) VALUES (8,'Argentina');
INSERT INTO Country(CountryID,Name) VALUES (9,'Armenia');
INSERT INTO Country(CountryID,Name) VALUES (10,'Aruba');
INSERT INTO Country(CountryID,Name) VALUES (11,'Australia');
INSERT INTO Country(CountryID,Name) VALUES (12,'Austria');
INSERT INTO Country(CountryID,Name) VALUES (13,'Azerbaijan');
INSERT INTO Country(CountryID,Name) VALUES (14,'Bahamas, The');
INSERT INTO Country(CountryID,Name) VALUES (15,'Bahrain');
INSERT INTO Country(CountryID,Name) VALUES (16,'Bangladesh');
INSERT INTO Country(CountryID,Name) VALUES (17,'Barbados');
INSERT INTO Country(CountryID,Name) VALUES (18,'Belarus');
INSERT INTO Country(CountryID,Name) VALUES (19,'Belgium');
INSERT INTO Country(CountryID,Name) VALUES (20,'Belize');
INSERT INTO Country(CountryID,Name) VALUES (21,'Benin');
INSERT INTO Country(CountryID,Name) VALUES (22,'Bermuda');
INSERT INTO Country(CountryID,Name) VALUES (23,'Bhutan');
INSERT INTO Country(CountryID,Name) VALUES (24,'Bolivia');
INSERT INTO Country(CountryID,Name) VALUES (25,'Bosnia and Herzegovina');
INSERT INTO Country(CountryID,Name) VALUES (26,'Botswana');
INSERT INTO Country(CountryID,Name) VALUES (27,'Brazil');
INSERT INTO Country(CountryID,Name) VALUES (28,'Brunei Darussalam');
INSERT INTO Country(CountryID,Name) VALUES (29,'Bulgaria');
INSERT INTO Country(CountryID,Name) VALUES (30,'Burkina Faso');
INSERT INTO Country(CountryID,Name) VALUES (31,'Burundi');
INSERT INTO Country(CountryID,Name) VALUES (32,'Cabo Verde');
INSERT INTO Country(CountryID,Name) VALUES (33,'Cambodia');
INSERT INTO Country(CountryID,Name) VALUES (34,'Cameroon');
INSERT INTO Country(CountryID,Name) VALUES (35,'Canada');
INSERT INTO Country(CountryID,Name) VALUES (36,'Cayman Islands');
INSERT INTO Country(CountryID,Name) VALUES (37,'Central African Republic');
INSERT INTO Country(CountryID,Name) VALUES (38,'Chad');
INSERT INTO Country(CountryID,Name) VALUES (39,'Channel Islands');
INSERT INTO Country(CountryID,Name) VALUES (40,'Chile');
INSERT INTO Country(CountryID,Name) VALUES (41,'China');
INSERT INTO Country(CountryID,Name) VALUES (42,'Hong Kong SAR, China');
INSERT INTO Country(CountryID,Name) VALUES (43,'Macao SAR, China');
INSERT INTO Country(CountryID,Name) VALUES (44,'Colombia');
INSERT INTO Country(CountryID,Name) VALUES (45,'Comoros');
INSERT INTO Country(CountryID,Name) VALUES (46,'Congo, Dem. Rep.');
INSERT INTO Country(CountryID,Name) VALUES (47,'Congo, Rep.');
INSERT INTO Country(CountryID,Name) VALUES (48,'Costa Rica');
INSERT INTO Country(CountryID,Name) VALUES (49,'Cote d''Ivoire');
INSERT INTO Country(CountryID,Name) VALUES (50,'Croatia');
INSERT INTO Country(CountryID,Name) VALUES (51,'Cuba');
INSERT INTO Country(CountryID,Name) VALUES (52,'Curacao');
INSERT INTO Country(CountryID,Name) VALUES (53,'Cyprus');
INSERT INTO Country(CountryID,Name) VALUES (54,'Czech Republic');
INSERT INTO Country(CountryID,Name) VALUES (55,'Denmark');
INSERT INTO Country(CountryID,Name) VALUES (56,'Djibouti');
INSERT INTO Country(CountryID,Name) VALUES (57,'Dominica');
INSERT INTO Country(CountryID,Name) VALUES (58,'Dominican Republic');
INSERT INTO Country(CountryID,Name) VALUES (59,'Ecuador');
INSERT INTO Country(CountryID,Name) VALUES (60,'Egypt, Arab Rep.');
INSERT INTO Country(CountryID,Name) VALUES (61,'El Salvador');
INSERT INTO Country(CountryID,Name) VALUES (62,'Equatorial Guinea');
INSERT INTO Country(CountryID,Name) VALUES (63,'Eritrea');
INSERT INTO Country(CountryID,Name) VALUES (64,'Estonia');
INSERT INTO Country(CountryID,Name) VALUES (65,'Ethiopia');
INSERT INTO Country(CountryID,Name) VALUES (66,'Faroe Islands');
INSERT INTO Country(CountryID,Name) VALUES (67,'Fiji');
INSERT INTO Country(CountryID,Name) VALUES (68,'Finland');
INSERT INTO Country(CountryID,Name) VALUES (69,'France');
INSERT INTO Country(CountryID,Name) VALUES (70,'French Polynesia');
INSERT INTO Country(CountryID,Name) VALUES (71,'Gabon');
INSERT INTO Country(CountryID,Name) VALUES (72,'Gambia, The');
INSERT INTO Country(CountryID,Name) VALUES (73,'Georgia');
INSERT INTO Country(CountryID,Name) VALUES (74,'Germany');
INSERT INTO Country(CountryID,Name) VALUES (75,'Ghana');
INSERT INTO Country(CountryID,Name) VALUES (76,'Greece');
INSERT INTO Country(CountryID,Name) VALUES (77,'Greenland');
INSERT INTO Country(CountryID,Name) VALUES (78,'Grenada');
INSERT INTO Country(CountryID,Name) VALUES (79,'Guam');
INSERT INTO Country(CountryID,Name) VALUES (80,'Guatemala');
INSERT INTO Country(CountryID,Name) VALUES (81,'Guinea');
INSERT INTO Country(CountryID,Name) VALUES (82,'Guinea-Bissau');
INSERT INTO Country(CountryID,Name) VALUES (83,'Guyana');
INSERT INTO Country(CountryID,Name) VALUES (84,'Haiti');
INSERT INTO Country(CountryID,Name) VALUES (85,'Honduras');
INSERT INTO Country(CountryID,Name) VALUES (86,'Hungary');
INSERT INTO Country(CountryID,Name) VALUES (87,'Iceland');
INSERT INTO Country(CountryID,Name) VALUES (88,'India');
INSERT INTO Country(CountryID,Name) VALUES (89,'Indonesia');
INSERT INTO Country(CountryID,Name) VALUES (90,'Iran, Islamic Rep.');
INSERT INTO Country(CountryID,Name) VALUES (91,'Iraq');
INSERT INTO Country(CountryID,Name) VALUES (92,'Ireland');
INSERT INTO Country(CountryID,Name) VALUES (93,'Isle of Man');
INSERT INTO Country(CountryID,Name) VALUES (94,'Israel');
INSERT INTO Country(CountryID,Name) VALUES (95,'Italy');
INSERT INTO Country(CountryID,Name) VALUES (96,'Jamaica');
INSERT INTO Country(CountryID,Name) VALUES (97,'Japan');
INSERT INTO Country(CountryID,Name) VALUES (98,'Jordan');
INSERT INTO Country(CountryID,Name) VALUES (99,'Kazakhstan');
INSERT INTO Country(CountryID,Name) VALUES (100,'Kenya');
INSERT INTO Country(CountryID,Name) VALUES (101,'Kiribati');
INSERT INTO Country(CountryID,Name) VALUES (102,'Korea, Dem. People’s Rep.');
INSERT INTO Country(CountryID,Name) VALUES (103,'Korea, Rep.');
INSERT INTO Country(CountryID,Name) VALUES (104,'Kosovo');
INSERT INTO Country(CountryID,Name) VALUES (105,'Kuwait');
INSERT INTO Country(CountryID,Name) VALUES (106,'Kyrgyz Republic');
INSERT INTO Country(CountryID,Name) VALUES (107,'Lao PDR');
INSERT INTO Country(CountryID,Name) VALUES (108,'Latvia');
INSERT INTO Country(CountryID,Name) VALUES (109,'Lebanon');
INSERT INTO Country(CountryID,Name) VALUES (110,'Lesotho');
INSERT INTO Country(CountryID,Name) VALUES (111,'Liberia');
INSERT INTO Country(CountryID,Name) VALUES (112,'Libya');
INSERT INTO Country(CountryID,Name) VALUES (113,'Liechtenstein');
INSERT INTO Country(CountryID,Name) VALUES (114,'Lithuania');
INSERT INTO Country(CountryID,Name) VALUES (115,'Luxembourg');
INSERT INTO Country(CountryID,Name) VALUES (116,'North Macedonia');
INSERT INTO Country(CountryID,Name) VALUES (117,'Madagascar');
INSERT INTO Country(CountryID,Name) VALUES (118,'Malawi');
INSERT INTO Country(CountryID,Name) VALUES (119,'Malaysia');
INSERT INTO Country(CountryID,Name) VALUES (120,'Maldives');
INSERT INTO Country(CountryID,Name) VALUES (121,'Mali');
INSERT INTO Country(CountryID,Name) VALUES (122,'Malta');
INSERT INTO Country(CountryID,Name) VALUES (123,'Marshall Islands');
INSERT INTO Country(CountryID,Name) VALUES (124,'Mauritania');
INSERT INTO Country(CountryID,Name) VALUES (125,'Mauritius');
INSERT INTO Country(CountryID,Name) VALUES (126,'Mexico');
INSERT INTO Country(CountryID,Name) VALUES (127,'Micronesia, Fed. Sts.');
INSERT INTO Country(CountryID,Name) VALUES (128,'Moldova');
INSERT INTO Country(CountryID,Name) VALUES (129,'Monaco');
INSERT INTO Country(CountryID,Name) VALUES (130,'Mongolia');
INSERT INTO Country(CountryID,Name) VALUES (131,'Montenegro');
INSERT INTO Country(CountryID,Name) VALUES (132,'Morocco');
INSERT INTO Country(CountryID,Name) VALUES (133,'Mozambique');
INSERT INTO Country(CountryID,Name) VALUES (134,'Myanmar');
INSERT INTO Country(CountryID,Name) VALUES (135,'Namibia');
INSERT INTO Country(CountryID,Name) VALUES (136,'Nepal');
INSERT INTO Country(CountryID,Name) VALUES (137,'Netherlands');
INSERT INTO Country(CountryID,Name) VALUES (138,'New Caledonia');
INSERT INTO Country(CountryID,Name) VALUES (139,'New Zealand');
INSERT INTO Country(CountryID,Name) VALUES (140,'Nicaragua');
INSERT INTO Country(CountryID,Name) VALUES (141,'Niger');
INSERT INTO Country(CountryID,Name) VALUES (142,'Nigeria');
INSERT INTO Country(CountryID,Name) VALUES (143,'Northern Mariana Islands');
INSERT INTO Country(CountryID,Name) VALUES (144,'Norway');
INSERT INTO Country(CountryID,Name) VALUES (145,'Oman');
INSERT INTO Country(CountryID,Name) VALUES (146,'Pakistan');
INSERT INTO Country(CountryID,Name) VALUES (147,'Palau');
INSERT INTO Country(CountryID,Name) VALUES (148,'Panama');
INSERT INTO Country(CountryID,Name) VALUES (149,'Papua New Guinea');
INSERT INTO Country(CountryID,Name) VALUES (150,'Paraguay');
INSERT INTO Country(CountryID,Name) VALUES (151,'Peru');
INSERT INTO Country(CountryID,Name) VALUES (152,'Philippines');
INSERT INTO Country(CountryID,Name) VALUES (153,'Poland');
INSERT INTO Country(CountryID,Name) VALUES (154,'Portugal');
INSERT INTO Country(CountryID,Name) VALUES (155,'Puerto Rico');
INSERT INTO Country(CountryID,Name) VALUES (156,'Qatar');
INSERT INTO Country(CountryID,Name) VALUES (157,'Romania');
INSERT INTO Country(CountryID,Name) VALUES (158,'Russian Federation');
INSERT INTO Country(CountryID,Name) VALUES (159,'Rwanda');
INSERT INTO Country(CountryID,Name) VALUES (160,'Samoa');
INSERT INTO Country(CountryID,Name) VALUES (161,'San Marino');
INSERT INTO Country(CountryID,Name) VALUES (162,'Sao Tome and Principe');
INSERT INTO Country(CountryID,Name) VALUES (163,'Saudi Arabia');
INSERT INTO Country(CountryID,Name) VALUES (164,'Senegal');
INSERT INTO Country(CountryID,Name) VALUES (165,'Serbia');
INSERT INTO Country(CountryID,Name) VALUES (166,'Seychelles');
INSERT INTO Country(CountryID,Name) VALUES (167,'Sierra Leone');
INSERT INTO Country(CountryID,Name) VALUES (168,'Singapore');
INSERT INTO Country(CountryID,Name) VALUES (169,'Sint Maarten (Dutch part)');
INSERT INTO Country(CountryID,Name) VALUES (170,'Slovak Republic');
INSERT INTO Country(CountryID,Name) VALUES (171,'Slovenia');
INSERT INTO Country(CountryID,Name) VALUES (172,'Solomon Islands');
INSERT INTO Country(CountryID,Name) VALUES (173,'Somalia');
INSERT INTO Country(CountryID,Name) VALUES (174,'South Africa');
INSERT INTO Country(CountryID,Name) VALUES (175,'South Sudan');
INSERT INTO Country(CountryID,Name) VALUES (176,'Spain');
INSERT INTO Country(CountryID,Name) VALUES (177,'Sri Lanka');
INSERT INTO Country(CountryID,Name) VALUES (178,'St. Kitts and Nevis');
INSERT INTO Country(CountryID,Name) VALUES (179,'St. Lucia');
INSERT INTO Country(CountryID,Name) VALUES (180,'St. Martin (French part)');
INSERT INTO Country(CountryID,Name) VALUES (181,'St. Vincent and the Grenadines');
INSERT INTO Country(CountryID,Name) VALUES (182,'Sudan');
INSERT INTO Country(CountryID,Name) VALUES (183,'Suriname');
INSERT INTO Country(CountryID,Name) VALUES (184,'Eswatini');
INSERT INTO Country(CountryID,Name) VALUES (185,'Sweden');
INSERT INTO Country(CountryID,Name) VALUES (186,'Switzerland');
INSERT INTO Country(CountryID,Name) VALUES (187,'Syrian Arab Republic');
INSERT INTO Country(CountryID,Name) VALUES (188,'Tajikistan');
INSERT INTO Country(CountryID,Name) VALUES (189,'Tanzania');
INSERT INTO Country(CountryID,Name) VALUES (190,'Thailand');
INSERT INTO Country(CountryID,Name) VALUES (191,'Timor-Leste');
INSERT INTO Country(CountryID,Name) VALUES (192,'Togo');
INSERT INTO Country(CountryID,Name) VALUES (193,'Tonga');
INSERT INTO Country(CountryID,Name) VALUES (194,'Trinidad and Tobago');
INSERT INTO Country(CountryID,Name) VALUES (195,'Tunisia');
INSERT INTO Country(CountryID,Name) VALUES (196,'Turkey');
INSERT INTO Country(CountryID,Name) VALUES (197,'Turkmenistan');
INSERT INTO Country(CountryID,Name) VALUES (198,'Turks and Caicos Islands');
INSERT INTO Country(CountryID,Name) VALUES (199,'Tuvalu');
INSERT INTO Country(CountryID,Name) VALUES (200,'Uganda');
INSERT INTO Country(CountryID,Name) VALUES (201,'Ukraine');
INSERT INTO Country(CountryID,Name) VALUES (202,'United Arab Emirates');
INSERT INTO Country(CountryID,Name) VALUES (203,'United Kingdom');
INSERT INTO Country(CountryID,Name) VALUES (204,'United States');
INSERT INTO Country(CountryID,Name) VALUES (205,'Uruguay');
INSERT INTO Country(CountryID,Name) VALUES (206,'Uzbekistan');
INSERT INTO Country(CountryID,Name) VALUES (207,'Vanuatu');
INSERT INTO Country(CountryID,Name) VALUES (208,'Venezuela, RB');
INSERT INTO Country(CountryID,Name) VALUES (209,'Vietnam');
INSERT INTO Country(CountryID,Name) VALUES (210,'Virgin Islands (U.S.)');
INSERT INTO Country(CountryID,Name) VALUES (211,'West Bank and Gaza');
INSERT INTO Country(CountryID,Name) VALUES (212,'Yemen, Rep.');
INSERT INTO Country(CountryID,Name) VALUES (213,'Zambia');
INSERT INTO Country(CountryID,Name) VALUES (214,'Zimbabwe');


INSERT INTO EmissionData(CarbonDioxideEmissions,NitrousOxideEmissions,TotalGHGEmissions,MethaneEmissions,EmissionID,CountryID,Name) VALUES (NULL,NULL,NULL,NULL,1,1,'Afghanistan');
INSERT INTO EmissionData(CarbonDioxideEmissions,NitrousOxideEmissions,TotalGHGEmissions,MethaneEmissions,EmissionID,CountryID,Name) VALUES (NULL,NULL,NULL,NULL,2,2,'Albania');
INSERT INTO EmissionData(CarbonDioxideEmissions,NitrousOxideEmissions,TotalGHGEmissions,MethaneEmissions,EmissionID,CountryID,Name) VALUES (NULL,NULL,NULL,NULL,3,3,'Algeria');
INSERT INTO EmissionData(CarbonDioxideEmissions,NitrousOxideEmissions,TotalGHGEmissions,MethaneEmissions,EmissionID,CountryID,Name) VALUES (NULL,24.0,58.8,13.0,4,4,'American Samoa');
INSERT INTO EmissionData(CarbonDioxideEmissions,NitrousOxideEmissions,TotalGHGEmissions,MethaneEmissions,EmissionID,CountryID,Name) VALUES (462.0,0.0,NULL,NULL,5,5,'Andorra');
INSERT INTO EmissionData(CarbonDioxideEmissions,NitrousOxideEmissions,TotalGHGEmissions,MethaneEmissions,EmissionID,CountryID,Name) VALUES (NULL,NULL,NULL,NULL,6,6,'Angola');
INSERT INTO EmissionData(CarbonDioxideEmissions,NitrousOxideEmissions,TotalGHGEmissions,MethaneEmissions,EmissionID,CountryID,Name) VALUES (532.0,26.0,552.7,43.0,7,7,'Antigua and Barbuda');
INSERT INTO EmissionData(CarbonDioxideEmissions,NitrousOxideEmissions,TotalGHGEmissions,MethaneEmissions,EmissionID,CountryID,Name) VALUES (NULL,NULL,NULL,NULL,8,8,'Argentina');
INSERT INTO EmissionData(CarbonDioxideEmissions,NitrousOxideEmissions,TotalGHGEmissions,MethaneEmissions,EmissionID,CountryID,Name) VALUES (NULL,NULL,NULL,NULL,9,9,'Armenia');
INSERT INTO EmissionData(CarbonDioxideEmissions,NitrousOxideEmissions,TotalGHGEmissions,MethaneEmissions,EmissionID,CountryID,Name) VALUES (873.0,6.0,NULL,23.0,10,10,'Aruba');
INSERT INTO EmissionData(CarbonDioxideEmissions,NitrousOxideEmissions,TotalGHGEmissions,MethaneEmissions,EmissionID,CountryID,Name) VALUES (NULL,NULL,NULL,NULL,11,11,'Australia');
INSERT INTO EmissionData(CarbonDioxideEmissions,NitrousOxideEmissions,TotalGHGEmissions,MethaneEmissions,EmissionID,CountryID,Name) VALUES (NULL,NULL,NULL,NULL,12,12,'Austria');
INSERT INTO EmissionData(CarbonDioxideEmissions,NitrousOxideEmissions,TotalGHGEmissions,MethaneEmissions,EmissionID,CountryID,Name) VALUES (NULL,NULL,NULL,NULL,13,13,'Azerbaijan');
INSERT INTO EmissionData(CarbonDioxideEmissions,NitrousOxideEmissions,TotalGHGEmissions,MethaneEmissions,EmissionID,CountryID,Name) VALUES (NULL,131.0,NULL,227.0,14,14,'Bahamas, The');
INSERT INTO EmissionData(CarbonDioxideEmissions,NitrousOxideEmissions,TotalGHGEmissions,MethaneEmissions,EmissionID,CountryID,Name) VALUES (NULL,131.0,NULL,NULL,15,15,'Bahrain');
INSERT INTO EmissionData(CarbonDioxideEmissions,NitrousOxideEmissions,TotalGHGEmissions,MethaneEmissions,EmissionID,CountryID,Name) VALUES (NULL,NULL,NULL,NULL,16,16,'Bangladesh');
INSERT INTO EmissionData(CarbonDioxideEmissions,NitrousOxideEmissions,TotalGHGEmissions,MethaneEmissions,EmissionID,CountryID,Name) VALUES (NULL,59.0,NULL,109.0,17,17,'Barbados');
INSERT INTO EmissionData(CarbonDioxideEmissions,NitrousOxideEmissions,TotalGHGEmissions,MethaneEmissions,EmissionID,CountryID,Name) VALUES (NULL,NULL,NULL,NULL,18,18,'Belarus');
INSERT INTO EmissionData(CarbonDioxideEmissions,NitrousOxideEmissions,TotalGHGEmissions,MethaneEmissions,EmissionID,CountryID,Name) VALUES (NULL,NULL,NULL,NULL,19,19,'Belgium');
INSERT INTO EmissionData(CarbonDioxideEmissions,NitrousOxideEmissions,TotalGHGEmissions,MethaneEmissions,EmissionID,CountryID,Name) VALUES (495.0,200.0,NULL,228.0,20,20,'Belize');
INSERT INTO EmissionData(CarbonDioxideEmissions,NitrousOxideEmissions,TotalGHGEmissions,MethaneEmissions,EmissionID,CountryID,Name) VALUES (NULL,NULL,NULL,NULL,21,21,'Benin');
INSERT INTO EmissionData(CarbonDioxideEmissions,NitrousOxideEmissions,TotalGHGEmissions,MethaneEmissions,EmissionID,CountryID,Name) VALUES (576.0,21.0,632.9,31.0,22,22,'Bermuda');
INSERT INTO EmissionData(CarbonDioxideEmissions,NitrousOxideEmissions,TotalGHGEmissions,MethaneEmissions,EmissionID,CountryID,Name) VALUES (NULL,555.0,NULL,NULL,23,23,'Bhutan');
INSERT INTO EmissionData(CarbonDioxideEmissions,NitrousOxideEmissions,TotalGHGEmissions,MethaneEmissions,EmissionID,CountryID,Name) VALUES (NULL,NULL,NULL,NULL,24,24,'Bolivia');
INSERT INTO EmissionData(CarbonDioxideEmissions,NitrousOxideEmissions,TotalGHGEmissions,MethaneEmissions,EmissionID,CountryID,Name) VALUES (NULL,NULL,NULL,NULL,25,25,'Bosnia and Herzegovina');
INSERT INTO EmissionData(CarbonDioxideEmissions,NitrousOxideEmissions,TotalGHGEmissions,MethaneEmissions,EmissionID,CountryID,Name) VALUES (NULL,NULL,NULL,NULL,26,26,'Botswana');
INSERT INTO EmissionData(CarbonDioxideEmissions,NitrousOxideEmissions,TotalGHGEmissions,MethaneEmissions,EmissionID,CountryID,Name) VALUES (NULL,NULL,NULL,NULL,27,27,'Brazil');
INSERT INTO EmissionData(CarbonDioxideEmissions,NitrousOxideEmissions,TotalGHGEmissions,MethaneEmissions,EmissionID,CountryID,Name) VALUES (NULL,342.0,NULL,NULL,28,28,'Brunei Darussalam');
INSERT INTO EmissionData(CarbonDioxideEmissions,NitrousOxideEmissions,TotalGHGEmissions,MethaneEmissions,EmissionID,CountryID,Name) VALUES (NULL,NULL,NULL,NULL,29,29,'Bulgaria');
INSERT INTO EmissionData(CarbonDioxideEmissions,NitrousOxideEmissions,TotalGHGEmissions,MethaneEmissions,EmissionID,CountryID,Name) VALUES (NULL,NULL,NULL,NULL,30,30,'Burkina Faso');
INSERT INTO EmissionData(CarbonDioxideEmissions,NitrousOxideEmissions,TotalGHGEmissions,MethaneEmissions,EmissionID,CountryID,Name) VALUES (440.0,789.0,NULL,NULL,31,31,'Burundi');
INSERT INTO EmissionData(CarbonDioxideEmissions,NitrousOxideEmissions,TotalGHGEmissions,MethaneEmissions,EmissionID,CountryID,Name) VALUES (491.0,81.0,NULL,151.0,32,32,'Cabo Verde');
INSERT INTO EmissionData(CarbonDioxideEmissions,NitrousOxideEmissions,TotalGHGEmissions,MethaneEmissions,EmissionID,CountryID,Name) VALUES (NULL,NULL,NULL,NULL,33,33,'Cambodia');
INSERT INTO EmissionData(CarbonDioxideEmissions,NitrousOxideEmissions,TotalGHGEmissions,MethaneEmissions,EmissionID,CountryID,Name) VALUES (NULL,NULL,NULL,NULL,34,34,'Cameroon');
INSERT INTO EmissionData(CarbonDioxideEmissions,NitrousOxideEmissions,TotalGHGEmissions,MethaneEmissions,EmissionID,CountryID,Name) VALUES (NULL,NULL,NULL,NULL,35,35,'Canada');
INSERT INTO EmissionData(CarbonDioxideEmissions,NitrousOxideEmissions,TotalGHGEmissions,MethaneEmissions,EmissionID,CountryID,Name) VALUES (543.0,14.0,NULL,29.0,36,36,'Cayman Islands');
INSERT INTO EmissionData(CarbonDioxideEmissions,NitrousOxideEmissions,TotalGHGEmissions,MethaneEmissions,EmissionID,CountryID,Name) VALUES (301.0,NULL,NULL,NULL,37,37,'Central African Republic');
INSERT INTO EmissionData(CarbonDioxideEmissions,NitrousOxideEmissions,TotalGHGEmissions,MethaneEmissions,EmissionID,CountryID,Name) VALUES (730.0,NULL,NULL,NULL,38,38,'Chad');
INSERT INTO EmissionData(CarbonDioxideEmissions,NitrousOxideEmissions,TotalGHGEmissions,MethaneEmissions,EmissionID,CountryID,Name) VALUES (NULL,NULL,NULL,NULL,39,39,'Channel Islands');
INSERT INTO EmissionData(CarbonDioxideEmissions,NitrousOxideEmissions,TotalGHGEmissions,MethaneEmissions,EmissionID,CountryID,Name) VALUES (NULL,NULL,NULL,NULL,40,40,'Chile');
INSERT INTO EmissionData(CarbonDioxideEmissions,NitrousOxideEmissions,TotalGHGEmissions,MethaneEmissions,EmissionID,CountryID,Name) VALUES (NULL,NULL,NULL,NULL,41,41,'China');
INSERT INTO EmissionData(CarbonDioxideEmissions,NitrousOxideEmissions,TotalGHGEmissions,MethaneEmissions,EmissionID,CountryID,Name) VALUES (NULL,476.0,NULL,NULL,42,42,'Hong Kong SAR, China');
INSERT INTO EmissionData(CarbonDioxideEmissions,NitrousOxideEmissions,TotalGHGEmissions,MethaneEmissions,EmissionID,CountryID,Name) VALUES (NULL,12.0,NULL,151.0,43,43,'Macao SAR, China');
INSERT INTO EmissionData(CarbonDioxideEmissions,NitrousOxideEmissions,TotalGHGEmissions,MethaneEmissions,EmissionID,CountryID,Name) VALUES (NULL,NULL,NULL,NULL,44,44,'Colombia');
INSERT INTO EmissionData(CarbonDioxideEmissions,NitrousOxideEmissions,TotalGHGEmissions,MethaneEmissions,EmissionID,CountryID,Name) VALUES (154.0,59.0,564.2,284.0,45,45,'Comoros');
INSERT INTO EmissionData(CarbonDioxideEmissions,NitrousOxideEmissions,TotalGHGEmissions,MethaneEmissions,EmissionID,CountryID,Name) VALUES (NULL,NULL,NULL,NULL,46,46,'Congo, Dem. Rep.');
INSERT INTO EmissionData(CarbonDioxideEmissions,NitrousOxideEmissions,TotalGHGEmissions,MethaneEmissions,EmissionID,CountryID,Name) VALUES (NULL,NULL,NULL,NULL,47,47,'Congo, Rep.');
INSERT INTO EmissionData(CarbonDioxideEmissions,NitrousOxideEmissions,TotalGHGEmissions,MethaneEmissions,EmissionID,CountryID,Name) VALUES (NULL,NULL,NULL,NULL,48,48,'Costa Rica');
INSERT INTO EmissionData(CarbonDioxideEmissions,NitrousOxideEmissions,TotalGHGEmissions,MethaneEmissions,EmissionID,CountryID,Name) VALUES (NULL,NULL,NULL,NULL,49,49,'Cote d''Ivoire');
INSERT INTO EmissionData(CarbonDioxideEmissions,NitrousOxideEmissions,TotalGHGEmissions,MethaneEmissions,EmissionID,CountryID,Name) VALUES (NULL,NULL,NULL,NULL,50,50,'Croatia');
INSERT INTO EmissionData(CarbonDioxideEmissions,NitrousOxideEmissions,TotalGHGEmissions,MethaneEmissions,EmissionID,CountryID,Name) VALUES (NULL,NULL,NULL,NULL,51,51,'Cuba');
INSERT INTO EmissionData(CarbonDioxideEmissions,NitrousOxideEmissions,TotalGHGEmissions,MethaneEmissions,EmissionID,CountryID,Name) VALUES (NULL,NULL,NULL,NULL,52,52,'Curacao');
INSERT INTO EmissionData(CarbonDioxideEmissions,NitrousOxideEmissions,TotalGHGEmissions,MethaneEmissions,EmissionID,CountryID,Name) VALUES (NULL,315.0,NULL,642.0,53,53,'Cyprus');
INSERT INTO EmissionData(CarbonDioxideEmissions,NitrousOxideEmissions,TotalGHGEmissions,MethaneEmissions,EmissionID,CountryID,Name) VALUES (NULL,NULL,NULL,NULL,54,54,'Czech Republic');
INSERT INTO EmissionData(CarbonDioxideEmissions,NitrousOxideEmissions,TotalGHGEmissions,MethaneEmissions,EmissionID,CountryID,Name) VALUES (NULL,NULL,NULL,NULL,55,55,'Denmark');
INSERT INTO EmissionData(CarbonDioxideEmissions,NitrousOxideEmissions,TotalGHGEmissions,MethaneEmissions,EmissionID,CountryID,Name) VALUES (722.0,257.0,NULL,634.0,56,56,'Djibouti');
INSERT INTO EmissionData(CarbonDioxideEmissions,NitrousOxideEmissions,TotalGHGEmissions,MethaneEmissions,EmissionID,CountryID,Name) VALUES (136.0,21.0,222.8,41.0,57,57,'Dominica');
INSERT INTO EmissionData(CarbonDioxideEmissions,NitrousOxideEmissions,TotalGHGEmissions,MethaneEmissions,EmissionID,CountryID,Name) VALUES (NULL,NULL,NULL,NULL,58,58,'Dominican Republic');
INSERT INTO EmissionData(CarbonDioxideEmissions,NitrousOxideEmissions,TotalGHGEmissions,MethaneEmissions,EmissionID,CountryID,Name) VALUES (NULL,NULL,NULL,NULL,59,59,'Ecuador');
INSERT INTO EmissionData(CarbonDioxideEmissions,NitrousOxideEmissions,TotalGHGEmissions,MethaneEmissions,EmissionID,CountryID,Name) VALUES (NULL,NULL,NULL,NULL,60,60,'Egypt, Arab Rep.');
INSERT INTO EmissionData(CarbonDioxideEmissions,NitrousOxideEmissions,TotalGHGEmissions,MethaneEmissions,EmissionID,CountryID,Name) VALUES (NULL,NULL,NULL,NULL,61,61,'El Salvador');
INSERT INTO EmissionData(CarbonDioxideEmissions,NitrousOxideEmissions,TotalGHGEmissions,MethaneEmissions,EmissionID,CountryID,Name) VALUES (NULL,37.0,NULL,NULL,62,62,'Equatorial Guinea');
INSERT INTO EmissionData(CarbonDioxideEmissions,NitrousOxideEmissions,TotalGHGEmissions,MethaneEmissions,EmissionID,CountryID,Name) VALUES (697.0,NULL,NULL,NULL,63,63,'Eritrea');
INSERT INTO EmissionData(CarbonDioxideEmissions,NitrousOxideEmissions,TotalGHGEmissions,MethaneEmissions,EmissionID,CountryID,Name) VALUES (NULL,951.0,NULL,NULL,64,64,'Estonia');
INSERT INTO EmissionData(CarbonDioxideEmissions,NitrousOxideEmissions,TotalGHGEmissions,MethaneEmissions,EmissionID,CountryID,Name) VALUES (NULL,NULL,NULL,NULL,65,65,'Ethiopia');
INSERT INTO EmissionData(CarbonDioxideEmissions,NitrousOxideEmissions,TotalGHGEmissions,MethaneEmissions,EmissionID,CountryID,Name) VALUES (NULL,7.0,NULL,39.0,66,66,'Faroe Islands');
INSERT INTO EmissionData(CarbonDioxideEmissions,NitrousOxideEmissions,TotalGHGEmissions,MethaneEmissions,EmissionID,CountryID,Name) VALUES (598.0,344.0,NULL,715.0,67,67,'Fiji');
INSERT INTO EmissionData(CarbonDioxideEmissions,NitrousOxideEmissions,TotalGHGEmissions,MethaneEmissions,EmissionID,CountryID,Name) VALUES (NULL,NULL,NULL,NULL,68,68,'Finland');
INSERT INTO EmissionData(CarbonDioxideEmissions,NitrousOxideEmissions,TotalGHGEmissions,MethaneEmissions,EmissionID,CountryID,Name) VALUES (NULL,NULL,NULL,NULL,69,69,'France');
INSERT INTO EmissionData(CarbonDioxideEmissions,NitrousOxideEmissions,TotalGHGEmissions,MethaneEmissions,EmissionID,CountryID,Name) VALUES (NULL,37.0,NULL,99.0,70,70,'French Polynesia');
INSERT INTO EmissionData(CarbonDioxideEmissions,NitrousOxideEmissions,TotalGHGEmissions,MethaneEmissions,EmissionID,CountryID,Name) VALUES (803.0,838.0,NULL,NULL,71,71,'Gabon');
INSERT INTO EmissionData(CarbonDioxideEmissions,NitrousOxideEmissions,TotalGHGEmissions,MethaneEmissions,EmissionID,CountryID,Name) VALUES (NULL,500.0,NULL,NULL,72,72,'Gambia, The');
INSERT INTO EmissionData(CarbonDioxideEmissions,NitrousOxideEmissions,TotalGHGEmissions,MethaneEmissions,EmissionID,CountryID,Name) VALUES (513.0,NULL,NULL,NULL,73,73,'Georgia');
INSERT INTO EmissionData(CarbonDioxideEmissions,NitrousOxideEmissions,TotalGHGEmissions,MethaneEmissions,EmissionID,CountryID,Name) VALUES (NULL,NULL,NULL,NULL,74,74,'Germany');
INSERT INTO EmissionData(CarbonDioxideEmissions,NitrousOxideEmissions,TotalGHGEmissions,MethaneEmissions,EmissionID,CountryID,Name) VALUES (NULL,NULL,NULL,NULL,75,75,'Ghana');
INSERT INTO EmissionData(CarbonDioxideEmissions,NitrousOxideEmissions,TotalGHGEmissions,MethaneEmissions,EmissionID,CountryID,Name) VALUES (NULL,NULL,NULL,NULL,76,76,'Greece');
INSERT INTO EmissionData(CarbonDioxideEmissions,NitrousOxideEmissions,TotalGHGEmissions,MethaneEmissions,EmissionID,CountryID,Name) VALUES (NULL,231.0,NULL,29.0,77,77,'Greenland');
INSERT INTO EmissionData(CarbonDioxideEmissions,NitrousOxideEmissions,TotalGHGEmissions,MethaneEmissions,EmissionID,CountryID,Name) VALUES (506.0,26.0,726.2,37.0,78,78,'Grenada');
INSERT INTO EmissionData(CarbonDioxideEmissions,NitrousOxideEmissions,TotalGHGEmissions,MethaneEmissions,EmissionID,CountryID,Name) VALUES (242.0,2.0,85.9,71.0,79,79,'Guam');
INSERT INTO EmissionData(CarbonDioxideEmissions,NitrousOxideEmissions,TotalGHGEmissions,MethaneEmissions,EmissionID,CountryID,Name) VALUES (NULL,NULL,NULL,NULL,80,80,'Guatemala');
INSERT INTO EmissionData(CarbonDioxideEmissions,NitrousOxideEmissions,TotalGHGEmissions,MethaneEmissions,EmissionID,CountryID,Name) VALUES (NULL,NULL,NULL,NULL,81,81,'Guinea');
INSERT INTO EmissionData(CarbonDioxideEmissions,NitrousOxideEmissions,TotalGHGEmissions,MethaneEmissions,EmissionID,CountryID,Name) VALUES (NULL,990.0,NULL,NULL,82,82,'Guinea-Bissau');
INSERT INTO EmissionData(CarbonDioxideEmissions,NitrousOxideEmissions,TotalGHGEmissions,MethaneEmissions,EmissionID,CountryID,Name) VALUES (271.0,NULL,NULL,NULL,83,83,'Guyana');
INSERT INTO EmissionData(CarbonDioxideEmissions,NitrousOxideEmissions,TotalGHGEmissions,MethaneEmissions,EmissionID,CountryID,Name) VALUES (NULL,NULL,NULL,NULL,84,84,'Haiti');
INSERT INTO EmissionData(CarbonDioxideEmissions,NitrousOxideEmissions,TotalGHGEmissions,MethaneEmissions,EmissionID,CountryID,Name) VALUES (NULL,NULL,NULL,NULL,85,85,'Honduras');
INSERT INTO EmissionData(CarbonDioxideEmissions,NitrousOxideEmissions,TotalGHGEmissions,MethaneEmissions,EmissionID,CountryID,Name) VALUES (NULL,NULL,NULL,NULL,86,86,'Hungary');
INSERT INTO EmissionData(CarbonDioxideEmissions,NitrousOxideEmissions,TotalGHGEmissions,MethaneEmissions,EmissionID,CountryID,Name) VALUES (NULL,369.0,NULL,359.0,87,87,'Iceland');
INSERT INTO EmissionData(CarbonDioxideEmissions,NitrousOxideEmissions,TotalGHGEmissions,MethaneEmissions,EmissionID,CountryID,Name) VALUES (NULL,NULL,NULL,NULL,88,88,'India');
INSERT INTO EmissionData(CarbonDioxideEmissions,NitrousOxideEmissions,TotalGHGEmissions,MethaneEmissions,EmissionID,CountryID,Name) VALUES (NULL,NULL,NULL,NULL,89,89,'Indonesia');
INSERT INTO EmissionData(CarbonDioxideEmissions,NitrousOxideEmissions,TotalGHGEmissions,MethaneEmissions,EmissionID,CountryID,Name) VALUES (NULL,NULL,NULL,NULL,90,90,'Iran, Islamic Rep.');
INSERT INTO EmissionData(CarbonDioxideEmissions,NitrousOxideEmissions,TotalGHGEmissions,MethaneEmissions,EmissionID,CountryID,Name) VALUES (NULL,NULL,NULL,NULL,91,91,'Iraq');
INSERT INTO EmissionData(CarbonDioxideEmissions,NitrousOxideEmissions,TotalGHGEmissions,MethaneEmissions,EmissionID,CountryID,Name) VALUES (NULL,NULL,NULL,NULL,92,92,'Ireland');
INSERT INTO EmissionData(CarbonDioxideEmissions,NitrousOxideEmissions,TotalGHGEmissions,MethaneEmissions,EmissionID,CountryID,Name) VALUES (NULL,NULL,NULL,NULL,93,93,'Isle of Man');
INSERT INTO EmissionData(CarbonDioxideEmissions,NitrousOxideEmissions,TotalGHGEmissions,MethaneEmissions,EmissionID,CountryID,Name) VALUES (NULL,NULL,NULL,NULL,94,94,'Israel');
INSERT INTO EmissionData(CarbonDioxideEmissions,NitrousOxideEmissions,TotalGHGEmissions,MethaneEmissions,EmissionID,CountryID,Name) VALUES (NULL,NULL,NULL,NULL,95,95,'Italy');
INSERT INTO EmissionData(CarbonDioxideEmissions,NitrousOxideEmissions,TotalGHGEmissions,MethaneEmissions,EmissionID,CountryID,Name) VALUES (NULL,656.0,NULL,NULL,96,96,'Jamaica');
INSERT INTO EmissionData(CarbonDioxideEmissions,NitrousOxideEmissions,TotalGHGEmissions,MethaneEmissions,EmissionID,CountryID,Name) VALUES (NULL,NULL,NULL,NULL,97,97,'Japan');
INSERT INTO EmissionData(CarbonDioxideEmissions,NitrousOxideEmissions,TotalGHGEmissions,MethaneEmissions,EmissionID,CountryID,Name) VALUES (NULL,605.0,NULL,NULL,98,98,'Jordan');
INSERT INTO EmissionData(CarbonDioxideEmissions,NitrousOxideEmissions,TotalGHGEmissions,MethaneEmissions,EmissionID,CountryID,Name) VALUES (NULL,NULL,NULL,NULL,99,99,'Kazakhstan');
INSERT INTO EmissionData(CarbonDioxideEmissions,NitrousOxideEmissions,TotalGHGEmissions,MethaneEmissions,EmissionID,CountryID,Name) VALUES (NULL,NULL,NULL,NULL,100,100,'Kenya');
INSERT INTO EmissionData(CarbonDioxideEmissions,NitrousOxideEmissions,TotalGHGEmissions,MethaneEmissions,EmissionID,CountryID,Name) VALUES (NULL,4.0,NULL,16.0,101,101,'Kiribati');
INSERT INTO EmissionData(CarbonDioxideEmissions,NitrousOxideEmissions,TotalGHGEmissions,MethaneEmissions,EmissionID,CountryID,Name) VALUES (62.0,NULL,NULL,NULL,102,102,'Korea, Dem. People’s Rep.');
INSERT INTO EmissionData(CarbonDioxideEmissions,NitrousOxideEmissions,TotalGHGEmissions,MethaneEmissions,EmissionID,CountryID,Name) VALUES (NULL,NULL,NULL,NULL,103,103,'Korea, Rep.');
INSERT INTO EmissionData(CarbonDioxideEmissions,NitrousOxideEmissions,TotalGHGEmissions,MethaneEmissions,EmissionID,CountryID,Name) VALUES (NULL,0.0,NULL,0.0,104,104,'Kosovo');
INSERT INTO EmissionData(CarbonDioxideEmissions,NitrousOxideEmissions,TotalGHGEmissions,MethaneEmissions,EmissionID,CountryID,Name) VALUES (NULL,704.0,NULL,NULL,105,105,'Kuwait');
INSERT INTO EmissionData(CarbonDioxideEmissions,NitrousOxideEmissions,TotalGHGEmissions,MethaneEmissions,EmissionID,CountryID,Name) VALUES (NULL,NULL,NULL,NULL,106,106,'Kyrgyz Republic');
INSERT INTO EmissionData(CarbonDioxideEmissions,NitrousOxideEmissions,TotalGHGEmissions,MethaneEmissions,EmissionID,CountryID,Name) VALUES (NULL,NULL,NULL,NULL,107,107,'Lao PDR');
INSERT INTO EmissionData(CarbonDioxideEmissions,NitrousOxideEmissions,TotalGHGEmissions,MethaneEmissions,EmissionID,CountryID,Name) VALUES (NULL,NULL,NULL,NULL,108,108,'Latvia');
INSERT INTO EmissionData(CarbonDioxideEmissions,NitrousOxideEmissions,TotalGHGEmissions,MethaneEmissions,EmissionID,CountryID,Name) VALUES (NULL,462.0,NULL,NULL,109,109,'Lebanon');
INSERT INTO EmissionData(CarbonDioxideEmissions,NitrousOxideEmissions,TotalGHGEmissions,MethaneEmissions,EmissionID,CountryID,Name) VALUES (NULL,428.0,NULL,NULL,110,110,'Lesotho');
INSERT INTO EmissionData(CarbonDioxideEmissions,NitrousOxideEmissions,TotalGHGEmissions,MethaneEmissions,EmissionID,CountryID,Name) VALUES (NULL,337.0,NULL,NULL,111,111,'Liberia');
INSERT INTO EmissionData(CarbonDioxideEmissions,NitrousOxideEmissions,TotalGHGEmissions,MethaneEmissions,EmissionID,CountryID,Name) VALUES (935.0,NULL,NULL,NULL,112,112,'Libya');
INSERT INTO EmissionData(CarbonDioxideEmissions,NitrousOxideEmissions,TotalGHGEmissions,MethaneEmissions,EmissionID,CountryID,Name) VALUES (NULL,NULL,NULL,NULL,113,113,'Liechtenstein');
INSERT INTO EmissionData(CarbonDioxideEmissions,NitrousOxideEmissions,TotalGHGEmissions,MethaneEmissions,EmissionID,CountryID,Name) VALUES (44.0,NULL,NULL,NULL,114,114,'Lithuania');
INSERT INTO EmissionData(CarbonDioxideEmissions,NitrousOxideEmissions,TotalGHGEmissions,MethaneEmissions,EmissionID,CountryID,Name) VALUES (NULL,473.0,NULL,NULL,115,115,'Luxembourg');
INSERT INTO EmissionData(CarbonDioxideEmissions,NitrousOxideEmissions,TotalGHGEmissions,MethaneEmissions,EmissionID,CountryID,Name) VALUES (NULL,526.0,NULL,NULL,116,116,'North Macedonia');
INSERT INTO EmissionData(CarbonDioxideEmissions,NitrousOxideEmissions,TotalGHGEmissions,MethaneEmissions,EmissionID,CountryID,Name) VALUES (NULL,NULL,NULL,NULL,117,117,'Madagascar');
INSERT INTO EmissionData(CarbonDioxideEmissions,NitrousOxideEmissions,TotalGHGEmissions,MethaneEmissions,EmissionID,CountryID,Name) VALUES (NULL,NULL,NULL,NULL,118,118,'Malawi');
INSERT INTO EmissionData(CarbonDioxideEmissions,NitrousOxideEmissions,TotalGHGEmissions,MethaneEmissions,EmissionID,CountryID,Name) VALUES (NULL,NULL,NULL,NULL,119,119,'Malaysia');
INSERT INTO EmissionData(CarbonDioxideEmissions,NitrousOxideEmissions,TotalGHGEmissions,MethaneEmissions,EmissionID,CountryID,Name) VALUES (NULL,27.0,NULL,52.0,120,120,'Maldives');
INSERT INTO EmissionData(CarbonDioxideEmissions,NitrousOxideEmissions,TotalGHGEmissions,MethaneEmissions,EmissionID,CountryID,Name) VALUES (NULL,NULL,NULL,NULL,121,121,'Mali');
INSERT INTO EmissionData(CarbonDioxideEmissions,NitrousOxideEmissions,TotalGHGEmissions,MethaneEmissions,EmissionID,CountryID,Name) VALUES (NULL,61.0,NULL,141.0,122,122,'Malta');
INSERT INTO EmissionData(CarbonDioxideEmissions,NitrousOxideEmissions,TotalGHGEmissions,MethaneEmissions,EmissionID,CountryID,Name) VALUES (NULL,0.0,NULL,8.0,123,123,'Marshall Islands');
INSERT INTO EmissionData(CarbonDioxideEmissions,NitrousOxideEmissions,TotalGHGEmissions,MethaneEmissions,EmissionID,CountryID,Name) VALUES (103.0,NULL,NULL,NULL,124,124,'Mauritania');
INSERT INTO EmissionData(CarbonDioxideEmissions,NitrousOxideEmissions,TotalGHGEmissions,MethaneEmissions,EmissionID,CountryID,Name) VALUES (NULL,170.0,NULL,311.0,125,125,'Mauritius');
INSERT INTO EmissionData(CarbonDioxideEmissions,NitrousOxideEmissions,TotalGHGEmissions,MethaneEmissions,EmissionID,CountryID,Name) VALUES (NULL,NULL,NULL,NULL,126,126,'Mexico');
INSERT INTO EmissionData(CarbonDioxideEmissions,NitrousOxideEmissions,TotalGHGEmissions,MethaneEmissions,EmissionID,CountryID,Name) VALUES (NULL,11.0,NULL,30.0,127,127,'Micronesia, Fed. Sts.');
INSERT INTO EmissionData(CarbonDioxideEmissions,NitrousOxideEmissions,TotalGHGEmissions,MethaneEmissions,EmissionID,CountryID,Name) VALUES (150.0,686.0,NULL,NULL,128,128,'Moldova');
INSERT INTO EmissionData(CarbonDioxideEmissions,NitrousOxideEmissions,TotalGHGEmissions,MethaneEmissions,EmissionID,CountryID,Name) VALUES (NULL,NULL,NULL,NULL,129,129,'Monaco');
INSERT INTO EmissionData(CarbonDioxideEmissions,NitrousOxideEmissions,TotalGHGEmissions,MethaneEmissions,EmissionID,CountryID,Name) VALUES (NULL,NULL,NULL,NULL,130,130,'Mongolia');
INSERT INTO EmissionData(CarbonDioxideEmissions,NitrousOxideEmissions,TotalGHGEmissions,MethaneEmissions,EmissionID,CountryID,Name) VALUES (NULL,0.0,NULL,0.0,131,131,'Montenegro');
INSERT INTO EmissionData(CarbonDioxideEmissions,NitrousOxideEmissions,TotalGHGEmissions,MethaneEmissions,EmissionID,CountryID,Name) VALUES (NULL,NULL,NULL,NULL,132,132,'Morocco');
INSERT INTO EmissionData(CarbonDioxideEmissions,NitrousOxideEmissions,TotalGHGEmissions,MethaneEmissions,EmissionID,CountryID,Name) VALUES (NULL,NULL,NULL,NULL,133,133,'Mozambique');
INSERT INTO EmissionData(CarbonDioxideEmissions,NitrousOxideEmissions,TotalGHGEmissions,MethaneEmissions,EmissionID,CountryID,Name) VALUES (NULL,NULL,NULL,NULL,134,134,'Myanmar');
INSERT INTO EmissionData(CarbonDioxideEmissions,NitrousOxideEmissions,TotalGHGEmissions,MethaneEmissions,EmissionID,CountryID,Name) VALUES (NULL,NULL,NULL,NULL,135,135,'Namibia');
INSERT INTO EmissionData(CarbonDioxideEmissions,NitrousOxideEmissions,TotalGHGEmissions,MethaneEmissions,EmissionID,CountryID,Name) VALUES (NULL,NULL,NULL,NULL,136,136,'Nepal');
INSERT INTO EmissionData(CarbonDioxideEmissions,NitrousOxideEmissions,TotalGHGEmissions,MethaneEmissions,EmissionID,CountryID,Name) VALUES (NULL,NULL,NULL,NULL,137,137,'Netherlands');
INSERT INTO EmissionData(CarbonDioxideEmissions,NitrousOxideEmissions,TotalGHGEmissions,MethaneEmissions,EmissionID,CountryID,Name) VALUES (NULL,98.0,NULL,215.0,138,138,'New Caledonia');
INSERT INTO EmissionData(CarbonDioxideEmissions,NitrousOxideEmissions,TotalGHGEmissions,MethaneEmissions,EmissionID,CountryID,Name) VALUES (NULL,NULL,NULL,NULL,139,139,'New Zealand');
INSERT INTO EmissionData(CarbonDioxideEmissions,NitrousOxideEmissions,TotalGHGEmissions,MethaneEmissions,EmissionID,CountryID,Name) VALUES (NULL,NULL,NULL,NULL,140,140,'Nicaragua');
INSERT INTO EmissionData(CarbonDioxideEmissions,NitrousOxideEmissions,TotalGHGEmissions,MethaneEmissions,EmissionID,CountryID,Name) VALUES (NULL,NULL,NULL,NULL,141,141,'Niger');
INSERT INTO EmissionData(CarbonDioxideEmissions,NitrousOxideEmissions,TotalGHGEmissions,MethaneEmissions,EmissionID,CountryID,Name) VALUES (NULL,NULL,NULL,NULL,142,142,'Nigeria');
INSERT INTO EmissionData(CarbonDioxideEmissions,NitrousOxideEmissions,TotalGHGEmissions,MethaneEmissions,EmissionID,CountryID,Name) VALUES (NULL,0.0,12.5,12.0,143,143,'Northern Mariana Islands');
INSERT INTO EmissionData(CarbonDioxideEmissions,NitrousOxideEmissions,TotalGHGEmissions,MethaneEmissions,EmissionID,CountryID,Name) VALUES (NULL,NULL,NULL,NULL,144,144,'Norway');
INSERT INTO EmissionData(CarbonDioxideEmissions,NitrousOxideEmissions,TotalGHGEmissions,MethaneEmissions,EmissionID,CountryID,Name) VALUES (NULL,NULL,NULL,NULL,145,145,'Oman');
INSERT INTO EmissionData(CarbonDioxideEmissions,NitrousOxideEmissions,TotalGHGEmissions,MethaneEmissions,EmissionID,CountryID,Name) VALUES (NULL,NULL,NULL,NULL,146,146,'Pakistan');
INSERT INTO EmissionData(CarbonDioxideEmissions,NitrousOxideEmissions,TotalGHGEmissions,MethaneEmissions,EmissionID,CountryID,Name) VALUES (NULL,0.0,NULL,1.0,147,147,'Palau');
INSERT INTO EmissionData(CarbonDioxideEmissions,NitrousOxideEmissions,TotalGHGEmissions,MethaneEmissions,EmissionID,CountryID,Name) VALUES (260.0,NULL,NULL,NULL,148,148,'Panama');
INSERT INTO EmissionData(CarbonDioxideEmissions,NitrousOxideEmissions,TotalGHGEmissions,MethaneEmissions,EmissionID,CountryID,Name) VALUES (NULL,NULL,NULL,NULL,149,149,'Papua New Guinea');
INSERT INTO EmissionData(CarbonDioxideEmissions,NitrousOxideEmissions,TotalGHGEmissions,MethaneEmissions,EmissionID,CountryID,Name) VALUES (NULL,NULL,NULL,NULL,150,150,'Paraguay');
INSERT INTO EmissionData(CarbonDioxideEmissions,NitrousOxideEmissions,TotalGHGEmissions,MethaneEmissions,EmissionID,CountryID,Name) VALUES (NULL,NULL,NULL,NULL,151,151,'Peru');
INSERT INTO EmissionData(CarbonDioxideEmissions,NitrousOxideEmissions,TotalGHGEmissions,MethaneEmissions,EmissionID,CountryID,Name) VALUES (NULL,NULL,NULL,NULL,152,152,'Philippines');
INSERT INTO EmissionData(CarbonDioxideEmissions,NitrousOxideEmissions,TotalGHGEmissions,MethaneEmissions,EmissionID,CountryID,Name) VALUES (NULL,NULL,NULL,NULL,153,153,'Poland');
INSERT INTO EmissionData(CarbonDioxideEmissions,NitrousOxideEmissions,TotalGHGEmissions,MethaneEmissions,EmissionID,CountryID,Name) VALUES (NULL,NULL,NULL,NULL,154,154,'Portugal');
INSERT INTO EmissionData(CarbonDioxideEmissions,NitrousOxideEmissions,TotalGHGEmissions,MethaneEmissions,EmissionID,CountryID,Name) VALUES (NULL,220.0,NULL,NULL,155,155,'Puerto Rico');
INSERT INTO EmissionData(CarbonDioxideEmissions,NitrousOxideEmissions,TotalGHGEmissions,MethaneEmissions,EmissionID,CountryID,Name) VALUES (NULL,339.0,NULL,NULL,156,156,'Qatar');
INSERT INTO EmissionData(CarbonDioxideEmissions,NitrousOxideEmissions,TotalGHGEmissions,MethaneEmissions,EmissionID,CountryID,Name) VALUES (NULL,NULL,NULL,NULL,157,157,'Romania');
INSERT INTO EmissionData(CarbonDioxideEmissions,NitrousOxideEmissions,TotalGHGEmissions,MethaneEmissions,EmissionID,CountryID,Name) VALUES (NULL,NULL,NULL,NULL,158,158,'Russian Federation');
INSERT INTO EmissionData(CarbonDioxideEmissions,NitrousOxideEmissions,TotalGHGEmissions,MethaneEmissions,EmissionID,CountryID,Name) VALUES (NULL,NULL,NULL,NULL,159,159,'Rwanda');
INSERT INTO EmissionData(CarbonDioxideEmissions,NitrousOxideEmissions,TotalGHGEmissions,MethaneEmissions,EmissionID,CountryID,Name) VALUES (840.0,40.0,356.1,133.0,160,160,'Samoa');
INSERT INTO EmissionData(CarbonDioxideEmissions,NitrousOxideEmissions,TotalGHGEmissions,MethaneEmissions,EmissionID,CountryID,Name) VALUES (198.0,NULL,NULL,NULL,161,161,'San Marino');
INSERT INTO EmissionData(CarbonDioxideEmissions,NitrousOxideEmissions,TotalGHGEmissions,MethaneEmissions,EmissionID,CountryID,Name) VALUES (NULL,10.0,195.5,46.0,162,162,'Sao Tome and Principe');
INSERT INTO EmissionData(CarbonDioxideEmissions,NitrousOxideEmissions,TotalGHGEmissions,MethaneEmissions,EmissionID,CountryID,Name) VALUES (114.0,NULL,NULL,NULL,163,163,'Saudi Arabia');
INSERT INTO EmissionData(CarbonDioxideEmissions,NitrousOxideEmissions,TotalGHGEmissions,MethaneEmissions,EmissionID,CountryID,Name) VALUES (NULL,NULL,NULL,NULL,164,164,'Senegal');
INSERT INTO EmissionData(CarbonDioxideEmissions,NitrousOxideEmissions,TotalGHGEmissions,MethaneEmissions,EmissionID,CountryID,Name) VALUES (NULL,NULL,NULL,NULL,165,165,'Serbia');
INSERT INTO EmissionData(CarbonDioxideEmissions,NitrousOxideEmissions,TotalGHGEmissions,MethaneEmissions,EmissionID,CountryID,Name) VALUES (NULL,23.0,910.3,24.0,166,166,'Seychelles');
INSERT INTO EmissionData(CarbonDioxideEmissions,NitrousOxideEmissions,TotalGHGEmissions,MethaneEmissions,EmissionID,CountryID,Name) VALUES (495.0,NULL,NULL,NULL,167,167,'Sierra Leone');
INSERT INTO EmissionData(CarbonDioxideEmissions,NitrousOxideEmissions,TotalGHGEmissions,MethaneEmissions,EmissionID,CountryID,Name) VALUES (NULL,NULL,NULL,NULL,168,168,'Singapore');
INSERT INTO EmissionData(CarbonDioxideEmissions,NitrousOxideEmissions,TotalGHGEmissions,MethaneEmissions,EmissionID,CountryID,Name) VALUES (NULL,NULL,NULL,NULL,169,169,'Sint Maarten (Dutch part)');
INSERT INTO EmissionData(CarbonDioxideEmissions,NitrousOxideEmissions,TotalGHGEmissions,MethaneEmissions,EmissionID,CountryID,Name) VALUES (733.0,NULL,NULL,NULL,170,170,'Slovak Republic');
INSERT INTO EmissionData(CarbonDioxideEmissions,NitrousOxideEmissions,TotalGHGEmissions,MethaneEmissions,EmissionID,CountryID,Name) VALUES (NULL,NULL,NULL,NULL,171,171,'Slovenia');
INSERT INTO EmissionData(CarbonDioxideEmissions,NitrousOxideEmissions,TotalGHGEmissions,MethaneEmissions,EmissionID,CountryID,Name) VALUES (NULL,NULL,NULL,NULL,172,172,'Solomon Islands');
INSERT INTO EmissionData(CarbonDioxideEmissions,NitrousOxideEmissions,TotalGHGEmissions,MethaneEmissions,EmissionID,CountryID,Name) VALUES (202.0,NULL,NULL,NULL,173,173,'Somalia');
INSERT INTO EmissionData(CarbonDioxideEmissions,NitrousOxideEmissions,TotalGHGEmissions,MethaneEmissions,EmissionID,CountryID,Name) VALUES (609.0,NULL,NULL,NULL,174,174,'South Africa');
INSERT INTO EmissionData(CarbonDioxideEmissions,NitrousOxideEmissions,TotalGHGEmissions,MethaneEmissions,EmissionID,CountryID,Name) VALUES (NULL,NULL,NULL,NULL,175,175,'South Sudan');
INSERT INTO EmissionData(CarbonDioxideEmissions,NitrousOxideEmissions,TotalGHGEmissions,MethaneEmissions,EmissionID,CountryID,Name) VALUES (NULL,NULL,NULL,NULL,176,176,'Spain');
INSERT INTO EmissionData(CarbonDioxideEmissions,NitrousOxideEmissions,TotalGHGEmissions,MethaneEmissions,EmissionID,CountryID,Name) VALUES (NULL,NULL,NULL,NULL,177,177,'Sri Lanka');
INSERT INTO EmissionData(CarbonDioxideEmissions,NitrousOxideEmissions,TotalGHGEmissions,MethaneEmissions,EmissionID,CountryID,Name) VALUES (NULL,15.0,NULL,30.0,178,178,'St. Kitts and Nevis');
INSERT INTO EmissionData(CarbonDioxideEmissions,NitrousOxideEmissions,TotalGHGEmissions,MethaneEmissions,EmissionID,CountryID,Name) VALUES (231.0,35.0,598.8,44.0,179,179,'St. Lucia');
INSERT INTO EmissionData(CarbonDioxideEmissions,NitrousOxideEmissions,TotalGHGEmissions,MethaneEmissions,EmissionID,CountryID,Name) VALUES (407.0,NULL,NULL,NULL,180,180,'St. Martin (French part)');
INSERT INTO EmissionData(CarbonDioxideEmissions,NitrousOxideEmissions,TotalGHGEmissions,MethaneEmissions,EmissionID,CountryID,Name) VALUES (NULL,18.0,319.2,40.0,181,181,'St. Vincent and the Grenadines');
INSERT INTO EmissionData(CarbonDioxideEmissions,NitrousOxideEmissions,TotalGHGEmissions,MethaneEmissions,EmissionID,CountryID,Name) VALUES (209.0,NULL,NULL,NULL,182,182,'Sudan');
INSERT INTO EmissionData(CarbonDioxideEmissions,NitrousOxideEmissions,TotalGHGEmissions,MethaneEmissions,EmissionID,CountryID,Name) VALUES (NULL,273.0,NULL,709.0,183,183,'Suriname');
INSERT INTO EmissionData(CarbonDioxideEmissions,NitrousOxideEmissions,TotalGHGEmissions,MethaneEmissions,EmissionID,CountryID,Name) VALUES (NULL,569.0,NULL,NULL,184,184,'Eswatini');
INSERT INTO EmissionData(CarbonDioxideEmissions,NitrousOxideEmissions,TotalGHGEmissions,MethaneEmissions,EmissionID,CountryID,Name) VALUES (NULL,NULL,NULL,NULL,185,185,'Sweden');
INSERT INTO EmissionData(CarbonDioxideEmissions,NitrousOxideEmissions,TotalGHGEmissions,MethaneEmissions,EmissionID,CountryID,Name) VALUES (NULL,NULL,NULL,NULL,186,186,'Switzerland');
INSERT INTO EmissionData(CarbonDioxideEmissions,NitrousOxideEmissions,TotalGHGEmissions,MethaneEmissions,EmissionID,CountryID,Name) VALUES (NULL,NULL,NULL,NULL,187,187,'Syrian Arab Republic');
INSERT INTO EmissionData(CarbonDioxideEmissions,NitrousOxideEmissions,TotalGHGEmissions,MethaneEmissions,EmissionID,CountryID,Name) VALUES (NULL,NULL,NULL,NULL,188,188,'Tajikistan');
INSERT INTO EmissionData(CarbonDioxideEmissions,NitrousOxideEmissions,TotalGHGEmissions,MethaneEmissions,EmissionID,CountryID,Name) VALUES (NULL,NULL,NULL,NULL,189,189,'Tanzania');
INSERT INTO EmissionData(CarbonDioxideEmissions,NitrousOxideEmissions,TotalGHGEmissions,MethaneEmissions,EmissionID,CountryID,Name) VALUES (NULL,NULL,NULL,NULL,190,190,'Thailand');
INSERT INTO EmissionData(CarbonDioxideEmissions,NitrousOxideEmissions,TotalGHGEmissions,MethaneEmissions,EmissionID,CountryID,Name) VALUES (469.0,226.0,959.3,732.0,191,191,'Timor-Leste');
INSERT INTO EmissionData(CarbonDioxideEmissions,NitrousOxideEmissions,TotalGHGEmissions,MethaneEmissions,EmissionID,CountryID,Name) VALUES (NULL,NULL,NULL,NULL,192,192,'Togo');
INSERT INTO EmissionData(CarbonDioxideEmissions,NitrousOxideEmissions,TotalGHGEmissions,MethaneEmissions,EmissionID,CountryID,Name) VALUES (121.0,22.0,155.3,61.0,193,193,'Tonga');
INSERT INTO EmissionData(CarbonDioxideEmissions,NitrousOxideEmissions,TotalGHGEmissions,MethaneEmissions,EmissionID,CountryID,Name) VALUES (NULL,281.0,NULL,NULL,194,194,'Trinidad and Tobago');
INSERT INTO EmissionData(CarbonDioxideEmissions,NitrousOxideEmissions,TotalGHGEmissions,MethaneEmissions,EmissionID,CountryID,Name) VALUES (NULL,NULL,NULL,NULL,195,195,'Tunisia');
INSERT INTO EmissionData(CarbonDioxideEmissions,NitrousOxideEmissions,TotalGHGEmissions,MethaneEmissions,EmissionID,CountryID,Name) VALUES (NULL,NULL,NULL,NULL,196,196,'Turkey');
INSERT INTO EmissionData(CarbonDioxideEmissions,NitrousOxideEmissions,TotalGHGEmissions,MethaneEmissions,EmissionID,CountryID,Name) VALUES (NULL,NULL,NULL,NULL,197,197,'Turkmenistan');
INSERT INTO EmissionData(CarbonDioxideEmissions,NitrousOxideEmissions,TotalGHGEmissions,MethaneEmissions,EmissionID,CountryID,Name) VALUES (205.0,1.0,NULL,6.0,198,198,'Turks and Caicos Islands');
INSERT INTO EmissionData(CarbonDioxideEmissions,NitrousOxideEmissions,TotalGHGEmissions,MethaneEmissions,EmissionID,CountryID,Name) VALUES (11.0,1.0,5.2,3.0,199,199,'Tuvalu');
INSERT INTO EmissionData(CarbonDioxideEmissions,NitrousOxideEmissions,TotalGHGEmissions,MethaneEmissions,EmissionID,CountryID,Name) VALUES (NULL,NULL,NULL,NULL,200,200,'Uganda');
INSERT INTO EmissionData(CarbonDioxideEmissions,NitrousOxideEmissions,TotalGHGEmissions,MethaneEmissions,EmissionID,CountryID,Name) VALUES (NULL,NULL,NULL,NULL,201,201,'Ukraine');
INSERT INTO EmissionData(CarbonDioxideEmissions,NitrousOxideEmissions,TotalGHGEmissions,MethaneEmissions,EmissionID,CountryID,Name) VALUES (NULL,NULL,NULL,NULL,202,202,'United Arab Emirates');
INSERT INTO EmissionData(CarbonDioxideEmissions,NitrousOxideEmissions,TotalGHGEmissions,MethaneEmissions,EmissionID,CountryID,Name) VALUES (NULL,NULL,NULL,NULL,203,203,'United Kingdom');
INSERT INTO EmissionData(CarbonDioxideEmissions,NitrousOxideEmissions,TotalGHGEmissions,MethaneEmissions,EmissionID,CountryID,Name) VALUES (NULL,NULL,NULL,NULL,204,204,'United States');
INSERT INTO EmissionData(CarbonDioxideEmissions,NitrousOxideEmissions,TotalGHGEmissions,MethaneEmissions,EmissionID,CountryID,Name) VALUES (NULL,NULL,NULL,NULL,205,205,'Uruguay');
INSERT INTO EmissionData(CarbonDioxideEmissions,NitrousOxideEmissions,TotalGHGEmissions,MethaneEmissions,EmissionID,CountryID,Name) VALUES (NULL,NULL,NULL,NULL,206,206,'Uzbekistan');
INSERT INTO EmissionData(CarbonDioxideEmissions,NitrousOxideEmissions,TotalGHGEmissions,MethaneEmissions,EmissionID,CountryID,Name) VALUES (154.0,109.0,446.2,254.0,207,207,'Vanuatu');
INSERT INTO EmissionData(CarbonDioxideEmissions,NitrousOxideEmissions,TotalGHGEmissions,MethaneEmissions,EmissionID,CountryID,Name) VALUES (NULL,NULL,NULL,NULL,208,208,'Venezuela, RB');
INSERT INTO EmissionData(CarbonDioxideEmissions,NitrousOxideEmissions,TotalGHGEmissions,MethaneEmissions,EmissionID,CountryID,Name) VALUES (NULL,NULL,NULL,NULL,209,209,'Vietnam');
INSERT INTO EmissionData(CarbonDioxideEmissions,NitrousOxideEmissions,TotalGHGEmissions,MethaneEmissions,EmissionID,CountryID,Name) VALUES (NULL,13.0,61.5,47.0,210,210,'Virgin Islands (U.S.)');
INSERT INTO EmissionData(CarbonDioxideEmissions,NitrousOxideEmissions,TotalGHGEmissions,MethaneEmissions,EmissionID,CountryID,Name) VALUES (NULL,NULL,NULL,NULL,211,211,'West Bank and Gaza');
INSERT INTO EmissionData(CarbonDioxideEmissions,NitrousOxideEmissions,TotalGHGEmissions,MethaneEmissions,EmissionID,CountryID,Name) VALUES (NULL,NULL,NULL,NULL,212,212,'Yemen, Rep.');
INSERT INTO EmissionData(CarbonDioxideEmissions,NitrousOxideEmissions,TotalGHGEmissions,MethaneEmissions,EmissionID,CountryID,Name) VALUES (NULL,NULL,NULL,NULL,213,213,'Zambia');
INSERT INTO EmissionData(CarbonDioxideEmissions,NitrousOxideEmissions,TotalGHGEmissions,MethaneEmissions,EmissionID,CountryID,Name) VALUES (NULL,NULL,NULL,NULL,214,214,'Zimbabwe');


INSERT INTO HealthSystem(HealthSystemID,CountryID,CompletenessOfBirthRegistration,CompletenessOfDeathRegistration) VALUES (1,1,42.3,NULL);
INSERT INTO HealthSystem(HealthSystemID,CountryID,CompletenessOfBirthRegistration,CompletenessOfDeathRegistration) VALUES (2,2,98.4,53.0);
INSERT INTO HealthSystem(HealthSystemID,CountryID,CompletenessOfBirthRegistration,CompletenessOfDeathRegistration) VALUES (3,3,100.0,NULL);
INSERT INTO HealthSystem(HealthSystemID,CountryID,CompletenessOfBirthRegistration,CompletenessOfDeathRegistration) VALUES (4,4,NULL,NULL);
INSERT INTO HealthSystem(HealthSystemID,CountryID,CompletenessOfBirthRegistration,CompletenessOfDeathRegistration) VALUES (5,5,100.0,80.0);
INSERT INTO HealthSystem(HealthSystemID,CountryID,CompletenessOfBirthRegistration,CompletenessOfDeathRegistration) VALUES (6,6,25.0,NULL);
INSERT INTO HealthSystem(HealthSystemID,CountryID,CompletenessOfBirthRegistration,CompletenessOfDeathRegistration) VALUES (7,7,NULL,79.0);
INSERT INTO HealthSystem(HealthSystemID,CountryID,CompletenessOfBirthRegistration,CompletenessOfDeathRegistration) VALUES (8,8,100.0,100.0);
INSERT INTO HealthSystem(HealthSystemID,CountryID,CompletenessOfBirthRegistration,CompletenessOfDeathRegistration) VALUES (9,9,99.3,76.0);
INSERT INTO HealthSystem(HealthSystemID,CountryID,CompletenessOfBirthRegistration,CompletenessOfDeathRegistration) VALUES (10,10,NULL,NULL);
INSERT INTO HealthSystem(HealthSystemID,CountryID,CompletenessOfBirthRegistration,CompletenessOfDeathRegistration) VALUES (11,11,100.0,100.0);
INSERT INTO HealthSystem(HealthSystemID,CountryID,CompletenessOfBirthRegistration,CompletenessOfDeathRegistration) VALUES (12,12,100.0,100.0);
INSERT INTO HealthSystem(HealthSystemID,CountryID,CompletenessOfBirthRegistration,CompletenessOfDeathRegistration) VALUES (13,13,NULL,NULL);
INSERT INTO HealthSystem(HealthSystemID,CountryID,CompletenessOfBirthRegistration,CompletenessOfDeathRegistration) VALUES (14,14,NULL,93.0);
INSERT INTO HealthSystem(HealthSystemID,CountryID,CompletenessOfBirthRegistration,CompletenessOfDeathRegistration) VALUES (15,15,NULL,88.0);
INSERT INTO HealthSystem(HealthSystemID,CountryID,CompletenessOfBirthRegistration,CompletenessOfDeathRegistration) VALUES (16,16,20.2,NULL);
INSERT INTO HealthSystem(HealthSystemID,CountryID,CompletenessOfBirthRegistration,CompletenessOfDeathRegistration) VALUES (17,17,99.0,100.0);
INSERT INTO HealthSystem(HealthSystemID,CountryID,CompletenessOfBirthRegistration,CompletenessOfDeathRegistration) VALUES (18,18,100.0,100.0);
INSERT INTO HealthSystem(HealthSystemID,CountryID,CompletenessOfBirthRegistration,CompletenessOfDeathRegistration) VALUES (19,19,100.0,100.0);
INSERT INTO HealthSystem(HealthSystemID,CountryID,CompletenessOfBirthRegistration,CompletenessOfDeathRegistration) VALUES (20,20,96.0,100.0);
INSERT INTO HealthSystem(HealthSystemID,CountryID,CompletenessOfBirthRegistration,CompletenessOfDeathRegistration) VALUES (21,21,85.6,NULL);
INSERT INTO HealthSystem(HealthSystemID,CountryID,CompletenessOfBirthRegistration,CompletenessOfDeathRegistration) VALUES (22,22,NULL,NULL);
INSERT INTO HealthSystem(HealthSystemID,CountryID,CompletenessOfBirthRegistration,CompletenessOfDeathRegistration) VALUES (23,23,100.0,NULL);
INSERT INTO HealthSystem(HealthSystemID,CountryID,CompletenessOfBirthRegistration,CompletenessOfDeathRegistration) VALUES (24,24,92.0,NULL);
INSERT INTO HealthSystem(HealthSystemID,CountryID,CompletenessOfBirthRegistration,CompletenessOfDeathRegistration) VALUES (25,25,NULL,89.0);
INSERT INTO HealthSystem(HealthSystemID,CountryID,CompletenessOfBirthRegistration,CompletenessOfDeathRegistration) VALUES (26,26,88.0,NULL);
INSERT INTO HealthSystem(HealthSystemID,CountryID,CompletenessOfBirthRegistration,CompletenessOfDeathRegistration) VALUES (27,27,96.0,93.0);
INSERT INTO HealthSystem(HealthSystemID,CountryID,CompletenessOfBirthRegistration,CompletenessOfDeathRegistration) VALUES (28,28,NULL,89.0);
INSERT INTO HealthSystem(HealthSystemID,CountryID,CompletenessOfBirthRegistration,CompletenessOfDeathRegistration) VALUES (29,29,100.0,100.0);
INSERT INTO HealthSystem(HealthSystemID,CountryID,CompletenessOfBirthRegistration,CompletenessOfDeathRegistration) VALUES (30,30,76.9,NULL);
INSERT INTO HealthSystem(HealthSystemID,CountryID,CompletenessOfBirthRegistration,CompletenessOfDeathRegistration) VALUES (31,31,83.5,NULL);
INSERT INTO HealthSystem(HealthSystemID,CountryID,CompletenessOfBirthRegistration,CompletenessOfDeathRegistration) VALUES (32,32,91.0,NULL);
INSERT INTO HealthSystem(HealthSystemID,CountryID,CompletenessOfBirthRegistration,CompletenessOfDeathRegistration) VALUES (33,33,73.3,NULL);
INSERT INTO HealthSystem(HealthSystemID,CountryID,CompletenessOfBirthRegistration,CompletenessOfDeathRegistration) VALUES (34,34,66.0,NULL);
INSERT INTO HealthSystem(HealthSystemID,CountryID,CompletenessOfBirthRegistration,CompletenessOfDeathRegistration) VALUES (35,35,100.0,100.0);
INSERT INTO HealthSystem(HealthSystemID,CountryID,CompletenessOfBirthRegistration,CompletenessOfDeathRegistration) VALUES (36,36,NULL,NULL);
INSERT INTO HealthSystem(HealthSystemID,CountryID,CompletenessOfBirthRegistration,CompletenessOfDeathRegistration) VALUES (37,37,61.0,NULL);
INSERT INTO HealthSystem(HealthSystemID,CountryID,CompletenessOfBirthRegistration,CompletenessOfDeathRegistration) VALUES (38,38,12.0,NULL);
INSERT INTO HealthSystem(HealthSystemID,CountryID,CompletenessOfBirthRegistration,CompletenessOfDeathRegistration) VALUES (39,39,NULL,NULL);
INSERT INTO HealthSystem(HealthSystemID,CountryID,CompletenessOfBirthRegistration,CompletenessOfDeathRegistration) VALUES (40,40,99.0,100.0);
INSERT INTO HealthSystem(HealthSystemID,CountryID,CompletenessOfBirthRegistration,CompletenessOfDeathRegistration) VALUES (41,41,NULL,4.0);
INSERT INTO HealthSystem(HealthSystemID,CountryID,CompletenessOfBirthRegistration,CompletenessOfDeathRegistration) VALUES (42,42,NULL,NULL);
INSERT INTO HealthSystem(HealthSystemID,CountryID,CompletenessOfBirthRegistration,CompletenessOfDeathRegistration) VALUES (43,43,NULL,NULL);
INSERT INTO HealthSystem(HealthSystemID,CountryID,CompletenessOfBirthRegistration,CompletenessOfDeathRegistration) VALUES (44,44,96.8,98.0);
INSERT INTO HealthSystem(HealthSystemID,CountryID,CompletenessOfBirthRegistration,CompletenessOfDeathRegistration) VALUES (45,45,87.3,NULL);
INSERT INTO HealthSystem(HealthSystemID,CountryID,CompletenessOfBirthRegistration,CompletenessOfDeathRegistration) VALUES (46,46,24.6,NULL);
INSERT INTO HealthSystem(HealthSystemID,CountryID,CompletenessOfBirthRegistration,CompletenessOfDeathRegistration) VALUES (47,47,96.0,NULL);
INSERT INTO HealthSystem(HealthSystemID,CountryID,CompletenessOfBirthRegistration,CompletenessOfDeathRegistration) VALUES (48,48,100.0,91.0);
INSERT INTO HealthSystem(HealthSystemID,CountryID,CompletenessOfBirthRegistration,CompletenessOfDeathRegistration) VALUES (49,49,72.0,NULL);
INSERT INTO HealthSystem(HealthSystemID,CountryID,CompletenessOfBirthRegistration,CompletenessOfDeathRegistration) VALUES (50,50,100.0,100.0);
INSERT INTO HealthSystem(HealthSystemID,CountryID,CompletenessOfBirthRegistration,CompletenessOfDeathRegistration) VALUES (51,51,100.0,98.0);
INSERT INTO HealthSystem(HealthSystemID,CountryID,CompletenessOfBirthRegistration,CompletenessOfDeathRegistration) VALUES (52,52,NULL,NULL);
INSERT INTO HealthSystem(HealthSystemID,CountryID,CompletenessOfBirthRegistration,CompletenessOfDeathRegistration) VALUES (53,53,100.0,86.0);
INSERT INTO HealthSystem(HealthSystemID,CountryID,CompletenessOfBirthRegistration,CompletenessOfDeathRegistration) VALUES (54,54,100.0,100.0);
INSERT INTO HealthSystem(HealthSystemID,CountryID,CompletenessOfBirthRegistration,CompletenessOfDeathRegistration) VALUES (55,55,100.0,98.0);
INSERT INTO HealthSystem(HealthSystemID,CountryID,CompletenessOfBirthRegistration,CompletenessOfDeathRegistration) VALUES (56,56,NULL,NULL);
INSERT INTO HealthSystem(HealthSystemID,CountryID,CompletenessOfBirthRegistration,CompletenessOfDeathRegistration) VALUES (57,57,NULL,100.0);
INSERT INTO HealthSystem(HealthSystemID,CountryID,CompletenessOfBirthRegistration,CompletenessOfDeathRegistration) VALUES (58,58,88.0,56.9);
INSERT INTO HealthSystem(HealthSystemID,CountryID,CompletenessOfBirthRegistration,CompletenessOfDeathRegistration) VALUES (59,59,82.0,80.0);
INSERT INTO HealthSystem(HealthSystemID,CountryID,CompletenessOfBirthRegistration,CompletenessOfDeathRegistration) VALUES (60,60,99.4,95.0);
INSERT INTO HealthSystem(HealthSystemID,CountryID,CompletenessOfBirthRegistration,CompletenessOfDeathRegistration) VALUES (61,61,99.0,78.0);
INSERT INTO HealthSystem(HealthSystemID,CountryID,CompletenessOfBirthRegistration,CompletenessOfDeathRegistration) VALUES (62,62,54.0,NULL);
INSERT INTO HealthSystem(HealthSystemID,CountryID,CompletenessOfBirthRegistration,CompletenessOfDeathRegistration) VALUES (63,63,NULL,NULL);
INSERT INTO HealthSystem(HealthSystemID,CountryID,CompletenessOfBirthRegistration,CompletenessOfDeathRegistration) VALUES (64,64,100.0,100.0);
INSERT INTO HealthSystem(HealthSystemID,CountryID,CompletenessOfBirthRegistration,CompletenessOfDeathRegistration) VALUES (66,65,2.7,NULL);
INSERT INTO HealthSystem(HealthSystemID,CountryID,CompletenessOfBirthRegistration,CompletenessOfDeathRegistration) VALUES (67,66,NULL,NULL);
INSERT INTO HealthSystem(HealthSystemID,CountryID,CompletenessOfBirthRegistration,CompletenessOfDeathRegistration) VALUES (68,67,NULL,100.0);
INSERT INTO HealthSystem(HealthSystemID,CountryID,CompletenessOfBirthRegistration,CompletenessOfDeathRegistration) VALUES (69,68,100.0,100.0);
INSERT INTO HealthSystem(HealthSystemID,CountryID,CompletenessOfBirthRegistration,CompletenessOfDeathRegistration) VALUES (70,69,100.0,100.0);
INSERT INTO HealthSystem(HealthSystemID,CountryID,CompletenessOfBirthRegistration,CompletenessOfDeathRegistration) VALUES (71,70,NULL,NULL);
INSERT INTO HealthSystem(HealthSystemID,CountryID,CompletenessOfBirthRegistration,CompletenessOfDeathRegistration) VALUES (72,71,89.6,NULL);
INSERT INTO HealthSystem(HealthSystemID,CountryID,CompletenessOfBirthRegistration,CompletenessOfDeathRegistration) VALUES (73,72,72.0,NULL);
INSERT INTO HealthSystem(HealthSystemID,CountryID,CompletenessOfBirthRegistration,CompletenessOfDeathRegistration) VALUES (74,73,100.0,98.0);
INSERT INTO HealthSystem(HealthSystemID,CountryID,CompletenessOfBirthRegistration,CompletenessOfDeathRegistration) VALUES (75,74,100.0,100.0);
INSERT INTO HealthSystem(HealthSystemID,CountryID,CompletenessOfBirthRegistration,CompletenessOfDeathRegistration) VALUES (76,75,70.5,NULL);
INSERT INTO HealthSystem(HealthSystemID,CountryID,CompletenessOfBirthRegistration,CompletenessOfDeathRegistration) VALUES (77,76,100.0,100.0);
INSERT INTO HealthSystem(HealthSystemID,CountryID,CompletenessOfBirthRegistration,CompletenessOfDeathRegistration) VALUES (78,77,NULL,NULL);
INSERT INTO HealthSystem(HealthSystemID,CountryID,CompletenessOfBirthRegistration,CompletenessOfDeathRegistration) VALUES (79,78,NULL,100.0);
INSERT INTO HealthSystem(HealthSystemID,CountryID,CompletenessOfBirthRegistration,CompletenessOfDeathRegistration) VALUES (80,79,NULL,NULL);
INSERT INTO HealthSystem(HealthSystemID,CountryID,CompletenessOfBirthRegistration,CompletenessOfDeathRegistration) VALUES (81,80,96.0,92.0);
INSERT INTO HealthSystem(HealthSystemID,CountryID,CompletenessOfBirthRegistration,CompletenessOfDeathRegistration) VALUES (82,81,62.0,NULL);
INSERT INTO HealthSystem(HealthSystemID,CountryID,CompletenessOfBirthRegistration,CompletenessOfDeathRegistration) VALUES (83,82,24.0,NULL);
INSERT INTO HealthSystem(HealthSystemID,CountryID,CompletenessOfBirthRegistration,CompletenessOfDeathRegistration) VALUES (84,83,89.0,81.0);
INSERT INTO HealthSystem(HealthSystemID,CountryID,CompletenessOfBirthRegistration,CompletenessOfDeathRegistration) VALUES (85,84,84.8,NULL);
INSERT INTO HealthSystem(HealthSystemID,CountryID,CompletenessOfBirthRegistration,CompletenessOfDeathRegistration) VALUES (86,85,93.6,17.0);
INSERT INTO HealthSystem(HealthSystemID,CountryID,CompletenessOfBirthRegistration,CompletenessOfDeathRegistration) VALUES (87,86,100.0,100.0);
INSERT INTO HealthSystem(HealthSystemID,CountryID,CompletenessOfBirthRegistration,CompletenessOfDeathRegistration) VALUES (88,87,100.0,100.0);
INSERT INTO HealthSystem(HealthSystemID,CountryID,CompletenessOfBirthRegistration,CompletenessOfDeathRegistration) VALUES (89,88,79.7,NULL);
INSERT INTO HealthSystem(HealthSystemID,CountryID,CompletenessOfBirthRegistration,CompletenessOfDeathRegistration) VALUES (90,89,72.0,NULL);
INSERT INTO HealthSystem(HealthSystemID,CountryID,CompletenessOfBirthRegistration,CompletenessOfDeathRegistration) VALUES (91,90,99.0,NULL);
INSERT INTO HealthSystem(HealthSystemID,CountryID,CompletenessOfBirthRegistration,CompletenessOfDeathRegistration) VALUES (92,91,99.0,65.0);
INSERT INTO HealthSystem(HealthSystemID,CountryID,CompletenessOfBirthRegistration,CompletenessOfDeathRegistration) VALUES (93,92,100.0,100.0);
INSERT INTO HealthSystem(HealthSystemID,CountryID,CompletenessOfBirthRegistration,CompletenessOfDeathRegistration) VALUES (94,93,85.4,NULL);
INSERT INTO HealthSystem(HealthSystemID,CountryID,CompletenessOfBirthRegistration,CompletenessOfDeathRegistration) VALUES (95,94,100.0,100.0);
INSERT INTO HealthSystem(HealthSystemID,CountryID,CompletenessOfBirthRegistration,CompletenessOfDeathRegistration) VALUES (96,95,100.0,100.0);
INSERT INTO HealthSystem(HealthSystemID,CountryID,CompletenessOfBirthRegistration,CompletenessOfDeathRegistration) VALUES (97,96,98.0,NULL);
INSERT INTO HealthSystem(HealthSystemID,CountryID,CompletenessOfBirthRegistration,CompletenessOfDeathRegistration) VALUES (98,97,100.0,100.0);
INSERT INTO HealthSystem(HealthSystemID,CountryID,CompletenessOfBirthRegistration,CompletenessOfDeathRegistration) VALUES (99,98,98.0,65.0);
INSERT INTO HealthSystem(HealthSystemID,CountryID,CompletenessOfBirthRegistration,CompletenessOfDeathRegistration) VALUES (100,99,100.0,91.0);
INSERT INTO HealthSystem(HealthSystemID,CountryID,CompletenessOfBirthRegistration,CompletenessOfDeathRegistration) VALUES (101,100,66.9,NULL);
INSERT INTO HealthSystem(HealthSystemID,CountryID,CompletenessOfBirthRegistration,CompletenessOfDeathRegistration) VALUES (102,101,94.0,NULL);
INSERT INTO HealthSystem(HealthSystemID,CountryID,CompletenessOfBirthRegistration,CompletenessOfDeathRegistration) VALUES (103,102,100.0,NULL);
INSERT INTO HealthSystem(HealthSystemID,CountryID,CompletenessOfBirthRegistration,CompletenessOfDeathRegistration) VALUES (104,103,NULL,99.0);
INSERT INTO HealthSystem(HealthSystemID,CountryID,CompletenessOfBirthRegistration,CompletenessOfDeathRegistration) VALUES (105,104,NULL,NULL);
INSERT INTO HealthSystem(HealthSystemID,CountryID,CompletenessOfBirthRegistration,CompletenessOfDeathRegistration) VALUES (106,105,NULL,95.0);
INSERT INTO HealthSystem(HealthSystemID,CountryID,CompletenessOfBirthRegistration,CompletenessOfDeathRegistration) VALUES (107,106,98.0,96.0);
INSERT INTO HealthSystem(HealthSystemID,CountryID,CompletenessOfBirthRegistration,CompletenessOfDeathRegistration) VALUES (108,107,73.0,NULL);
INSERT INTO HealthSystem(HealthSystemID,CountryID,CompletenessOfBirthRegistration,CompletenessOfDeathRegistration) VALUES (109,108,100.0,100.0);
INSERT INTO HealthSystem(HealthSystemID,CountryID,CompletenessOfBirthRegistration,CompletenessOfDeathRegistration) VALUES (110,109,100.0,NULL);
INSERT INTO HealthSystem(HealthSystemID,CountryID,CompletenessOfBirthRegistration,CompletenessOfDeathRegistration) VALUES (111,110,43.3,NULL);
INSERT INTO HealthSystem(HealthSystemID,CountryID,CompletenessOfBirthRegistration,CompletenessOfDeathRegistration) VALUES (112,111,24.6,NULL);
INSERT INTO HealthSystem(HealthSystemID,CountryID,CompletenessOfBirthRegistration,CompletenessOfDeathRegistration) VALUES (113,112,NULL,NULL);
INSERT INTO HealthSystem(HealthSystemID,CountryID,CompletenessOfBirthRegistration,CompletenessOfDeathRegistration) VALUES (114,113,100.0,NULL);
INSERT INTO HealthSystem(HealthSystemID,CountryID,CompletenessOfBirthRegistration,CompletenessOfDeathRegistration) VALUES (115,114,100.0,100.0);
INSERT INTO HealthSystem(HealthSystemID,CountryID,CompletenessOfBirthRegistration,CompletenessOfDeathRegistration) VALUES (116,115,100.0,100.0);
INSERT INTO HealthSystem(HealthSystemID,CountryID,CompletenessOfBirthRegistration,CompletenessOfDeathRegistration) VALUES (143,116,100.0,100.0);
INSERT INTO HealthSystem(HealthSystemID,CountryID,CompletenessOfBirthRegistration,CompletenessOfDeathRegistration) VALUES (117,117,83.0,NULL);
INSERT INTO HealthSystem(HealthSystemID,CountryID,CompletenessOfBirthRegistration,CompletenessOfDeathRegistration) VALUES (118,118,67.2,NULL);
INSERT INTO HealthSystem(HealthSystemID,CountryID,CompletenessOfBirthRegistration,CompletenessOfDeathRegistration) VALUES (119,119,NULL,56.0);
INSERT INTO HealthSystem(HealthSystemID,CountryID,CompletenessOfBirthRegistration,CompletenessOfDeathRegistration) VALUES (120,120,98.8,84.0);
INSERT INTO HealthSystem(HealthSystemID,CountryID,CompletenessOfBirthRegistration,CompletenessOfDeathRegistration) VALUES (121,121,86.7,NULL);
INSERT INTO HealthSystem(HealthSystemID,CountryID,CompletenessOfBirthRegistration,CompletenessOfDeathRegistration) VALUES (122,122,100.0,99.9);
INSERT INTO HealthSystem(HealthSystemID,CountryID,CompletenessOfBirthRegistration,CompletenessOfDeathRegistration) VALUES (123,123,84.0,NULL);
INSERT INTO HealthSystem(HealthSystemID,CountryID,CompletenessOfBirthRegistration,CompletenessOfDeathRegistration) VALUES (124,124,66.0,NULL);
INSERT INTO HealthSystem(HealthSystemID,CountryID,CompletenessOfBirthRegistration,CompletenessOfDeathRegistration) VALUES (125,125,NULL,100.0);
INSERT INTO HealthSystem(HealthSystemID,CountryID,CompletenessOfBirthRegistration,CompletenessOfDeathRegistration) VALUES (126,126,95.0,99.0);
INSERT INTO HealthSystem(HealthSystemID,CountryID,CompletenessOfBirthRegistration,CompletenessOfDeathRegistration) VALUES (127,127,NULL,NULL);
INSERT INTO HealthSystem(HealthSystemID,CountryID,CompletenessOfBirthRegistration,CompletenessOfDeathRegistration) VALUES (128,128,100.0,90.0);
INSERT INTO HealthSystem(HealthSystemID,CountryID,CompletenessOfBirthRegistration,CompletenessOfDeathRegistration) VALUES (129,129,100.0,80.0);
INSERT INTO HealthSystem(HealthSystemID,CountryID,CompletenessOfBirthRegistration,CompletenessOfDeathRegistration) VALUES (130,130,99.0,92.0);
INSERT INTO HealthSystem(HealthSystemID,CountryID,CompletenessOfBirthRegistration,CompletenessOfDeathRegistration) VALUES (131,131,99.0,100.0);
INSERT INTO HealthSystem(HealthSystemID,CountryID,CompletenessOfBirthRegistration,CompletenessOfDeathRegistration) VALUES (132,132,96.0,24.3);
INSERT INTO HealthSystem(HealthSystemID,CountryID,CompletenessOfBirthRegistration,CompletenessOfDeathRegistration) VALUES (133,133,55.0,NULL);
INSERT INTO HealthSystem(HealthSystemID,CountryID,CompletenessOfBirthRegistration,CompletenessOfDeathRegistration) VALUES (134,134,81.3,NULL);
INSERT INTO HealthSystem(HealthSystemID,CountryID,CompletenessOfBirthRegistration,CompletenessOfDeathRegistration) VALUES (135,135,78.0,NULL);
INSERT INTO HealthSystem(HealthSystemID,CountryID,CompletenessOfBirthRegistration,CompletenessOfDeathRegistration) VALUES (136,136,56.2,NULL);
INSERT INTO HealthSystem(HealthSystemID,CountryID,CompletenessOfBirthRegistration,CompletenessOfDeathRegistration) VALUES (137,137,100.0,100.0);
INSERT INTO HealthSystem(HealthSystemID,CountryID,CompletenessOfBirthRegistration,CompletenessOfDeathRegistration) VALUES (138,138,NULL,NULL);
INSERT INTO HealthSystem(HealthSystemID,CountryID,CompletenessOfBirthRegistration,CompletenessOfDeathRegistration) VALUES (139,139,100.0,100.0);
INSERT INTO HealthSystem(HealthSystemID,CountryID,CompletenessOfBirthRegistration,CompletenessOfDeathRegistration) VALUES (140,140,85.0,68.0);
INSERT INTO HealthSystem(HealthSystemID,CountryID,CompletenessOfBirthRegistration,CompletenessOfDeathRegistration) VALUES (141,141,63.9,NULL);
INSERT INTO HealthSystem(HealthSystemID,CountryID,CompletenessOfBirthRegistration,CompletenessOfDeathRegistration) VALUES (142,142,47.0,NULL);
INSERT INTO HealthSystem(HealthSystemID,CountryID,CompletenessOfBirthRegistration,CompletenessOfDeathRegistration) VALUES (144,143,NULL,NULL);
INSERT INTO HealthSystem(HealthSystemID,CountryID,CompletenessOfBirthRegistration,CompletenessOfDeathRegistration) VALUES (145,144,100.0,100.0);
INSERT INTO HealthSystem(HealthSystemID,CountryID,CompletenessOfBirthRegistration,CompletenessOfDeathRegistration) VALUES (146,145,100.0,87.0);
INSERT INTO HealthSystem(HealthSystemID,CountryID,CompletenessOfBirthRegistration,CompletenessOfDeathRegistration) VALUES (147,146,42.2,NULL);
INSERT INTO HealthSystem(HealthSystemID,CountryID,CompletenessOfBirthRegistration,CompletenessOfDeathRegistration) VALUES (148,147,NULL,NULL);
INSERT INTO HealthSystem(HealthSystemID,CountryID,CompletenessOfBirthRegistration,CompletenessOfDeathRegistration) VALUES (149,148,96.0,90.0);
INSERT INTO HealthSystem(HealthSystemID,CountryID,CompletenessOfBirthRegistration,CompletenessOfDeathRegistration) VALUES (150,149,NULL,NULL);
INSERT INTO HealthSystem(HealthSystemID,CountryID,CompletenessOfBirthRegistration,CompletenessOfDeathRegistration) VALUES (151,150,69.0,81.0);
INSERT INTO HealthSystem(HealthSystemID,CountryID,CompletenessOfBirthRegistration,CompletenessOfDeathRegistration) VALUES (152,151,98.0,69.0);
INSERT INTO HealthSystem(HealthSystemID,CountryID,CompletenessOfBirthRegistration,CompletenessOfDeathRegistration) VALUES (153,152,91.8,90.0);
INSERT INTO HealthSystem(HealthSystemID,CountryID,CompletenessOfBirthRegistration,CompletenessOfDeathRegistration) VALUES (154,153,100.0,100.0);
INSERT INTO HealthSystem(HealthSystemID,CountryID,CompletenessOfBirthRegistration,CompletenessOfDeathRegistration) VALUES (155,154,100.0,100.0);
INSERT INTO HealthSystem(HealthSystemID,CountryID,CompletenessOfBirthRegistration,CompletenessOfDeathRegistration) VALUES (156,155,NULL,NULL);
INSERT INTO HealthSystem(HealthSystemID,CountryID,CompletenessOfBirthRegistration,CompletenessOfDeathRegistration) VALUES (157,156,100.0,77.0);
INSERT INTO HealthSystem(HealthSystemID,CountryID,CompletenessOfBirthRegistration,CompletenessOfDeathRegistration) VALUES (158,157,NULL,100.0);
INSERT INTO HealthSystem(HealthSystemID,CountryID,CompletenessOfBirthRegistration,CompletenessOfDeathRegistration) VALUES (159,158,100.0,100.0);
INSERT INTO HealthSystem(HealthSystemID,CountryID,CompletenessOfBirthRegistration,CompletenessOfDeathRegistration) VALUES (160,159,56.0,NULL);
INSERT INTO HealthSystem(HealthSystemID,CountryID,CompletenessOfBirthRegistration,CompletenessOfDeathRegistration) VALUES (161,160,59.0,NULL);
INSERT INTO HealthSystem(HealthSystemID,CountryID,CompletenessOfBirthRegistration,CompletenessOfDeathRegistration) VALUES (162,161,100.0,NULL);
INSERT INTO HealthSystem(HealthSystemID,CountryID,CompletenessOfBirthRegistration,CompletenessOfDeathRegistration) VALUES (163,162,95.0,NULL);
INSERT INTO HealthSystem(HealthSystemID,CountryID,CompletenessOfBirthRegistration,CompletenessOfDeathRegistration) VALUES (164,163,NULL,51.0);
INSERT INTO HealthSystem(HealthSystemID,CountryID,CompletenessOfBirthRegistration,CompletenessOfDeathRegistration) VALUES (165,164,77.4,NULL);
INSERT INTO HealthSystem(HealthSystemID,CountryID,CompletenessOfBirthRegistration,CompletenessOfDeathRegistration) VALUES (166,165,99.0,90.0);
INSERT INTO HealthSystem(HealthSystemID,CountryID,CompletenessOfBirthRegistration,CompletenessOfDeathRegistration) VALUES (167,166,NULL,100.0);
INSERT INTO HealthSystem(HealthSystemID,CountryID,CompletenessOfBirthRegistration,CompletenessOfDeathRegistration) VALUES (168,167,81.0,NULL);
INSERT INTO HealthSystem(HealthSystemID,CountryID,CompletenessOfBirthRegistration,CompletenessOfDeathRegistration) VALUES (169,168,NULL,74.0);
INSERT INTO HealthSystem(HealthSystemID,CountryID,CompletenessOfBirthRegistration,CompletenessOfDeathRegistration) VALUES (170,169,NULL,NULL);
INSERT INTO HealthSystem(HealthSystemID,CountryID,CompletenessOfBirthRegistration,CompletenessOfDeathRegistration) VALUES (171,170,100.0,100.0);
INSERT INTO HealthSystem(HealthSystemID,CountryID,CompletenessOfBirthRegistration,CompletenessOfDeathRegistration) VALUES (172,171,100.0,100.0);
INSERT INTO HealthSystem(HealthSystemID,CountryID,CompletenessOfBirthRegistration,CompletenessOfDeathRegistration) VALUES (173,172,88.0,NULL);
INSERT INTO HealthSystem(HealthSystemID,CountryID,CompletenessOfBirthRegistration,CompletenessOfDeathRegistration) VALUES (174,173,NULL,NULL);
INSERT INTO HealthSystem(HealthSystemID,CountryID,CompletenessOfBirthRegistration,CompletenessOfDeathRegistration) VALUES (175,174,89.0,91.0);
INSERT INTO HealthSystem(HealthSystemID,CountryID,CompletenessOfBirthRegistration,CompletenessOfDeathRegistration) VALUES (176,175,35.0,NULL);
INSERT INTO HealthSystem(HealthSystemID,CountryID,CompletenessOfBirthRegistration,CompletenessOfDeathRegistration) VALUES (177,176,100.0,100.0);
INSERT INTO HealthSystem(HealthSystemID,CountryID,CompletenessOfBirthRegistration,CompletenessOfDeathRegistration) VALUES (178,177,NULL,NULL);
INSERT INTO HealthSystem(HealthSystemID,CountryID,CompletenessOfBirthRegistration,CompletenessOfDeathRegistration) VALUES (179,178,NULL,79.0);
INSERT INTO HealthSystem(HealthSystemID,CountryID,CompletenessOfBirthRegistration,CompletenessOfDeathRegistration) VALUES (180,179,92.0,85.0);
INSERT INTO HealthSystem(HealthSystemID,CountryID,CompletenessOfBirthRegistration,CompletenessOfDeathRegistration) VALUES (181,180,NULL,NULL);
INSERT INTO HealthSystem(HealthSystemID,CountryID,CompletenessOfBirthRegistration,CompletenessOfDeathRegistration) VALUES (182,181,NULL,100.0);
INSERT INTO HealthSystem(HealthSystemID,CountryID,CompletenessOfBirthRegistration,CompletenessOfDeathRegistration) VALUES (183,182,67.0,NULL);
INSERT INTO HealthSystem(HealthSystemID,CountryID,CompletenessOfBirthRegistration,CompletenessOfDeathRegistration) VALUES (184,183,99.0,100.0);
INSERT INTO HealthSystem(HealthSystemID,CountryID,CompletenessOfBirthRegistration,CompletenessOfDeathRegistration) VALUES (65,184,54.0,NULL);
INSERT INTO HealthSystem(HealthSystemID,CountryID,CompletenessOfBirthRegistration,CompletenessOfDeathRegistration) VALUES (185,185,100.0,100.0);
INSERT INTO HealthSystem(HealthSystemID,CountryID,CompletenessOfBirthRegistration,CompletenessOfDeathRegistration) VALUES (186,186,100.0,100.0);
INSERT INTO HealthSystem(HealthSystemID,CountryID,CompletenessOfBirthRegistration,CompletenessOfDeathRegistration) VALUES (187,187,NULL,92.0);
INSERT INTO HealthSystem(HealthSystemID,CountryID,CompletenessOfBirthRegistration,CompletenessOfDeathRegistration) VALUES (188,188,95.8,NULL);
INSERT INTO HealthSystem(HealthSystemID,CountryID,CompletenessOfBirthRegistration,CompletenessOfDeathRegistration) VALUES (189,189,26.4,NULL);
INSERT INTO HealthSystem(HealthSystemID,CountryID,CompletenessOfBirthRegistration,CompletenessOfDeathRegistration) VALUES (190,190,100.0,NULL);
INSERT INTO HealthSystem(HealthSystemID,CountryID,CompletenessOfBirthRegistration,CompletenessOfDeathRegistration) VALUES (191,191,60.4,NULL);
INSERT INTO HealthSystem(HealthSystemID,CountryID,CompletenessOfBirthRegistration,CompletenessOfDeathRegistration) VALUES (192,192,78.0,NULL);
INSERT INTO HealthSystem(HealthSystemID,CountryID,CompletenessOfBirthRegistration,CompletenessOfDeathRegistration) VALUES (193,193,93.0,NULL);
INSERT INTO HealthSystem(HealthSystemID,CountryID,CompletenessOfBirthRegistration,CompletenessOfDeathRegistration) VALUES (194,194,97.0,85.0);
INSERT INTO HealthSystem(HealthSystemID,CountryID,CompletenessOfBirthRegistration,CompletenessOfDeathRegistration) VALUES (195,195,99.0,37.0);
INSERT INTO HealthSystem(HealthSystemID,CountryID,CompletenessOfBirthRegistration,CompletenessOfDeathRegistration) VALUES (196,196,99.0,78.0);
INSERT INTO HealthSystem(HealthSystemID,CountryID,CompletenessOfBirthRegistration,CompletenessOfDeathRegistration) VALUES (197,197,100.0,NULL);
INSERT INTO HealthSystem(HealthSystemID,CountryID,CompletenessOfBirthRegistration,CompletenessOfDeathRegistration) VALUES (198,198,NULL,NULL);
INSERT INTO HealthSystem(HealthSystemID,CountryID,CompletenessOfBirthRegistration,CompletenessOfDeathRegistration) VALUES (199,199,NULL,NULL);
INSERT INTO HealthSystem(HealthSystemID,CountryID,CompletenessOfBirthRegistration,CompletenessOfDeathRegistration) VALUES (200,200,32.2,NULL);
INSERT INTO HealthSystem(HealthSystemID,CountryID,CompletenessOfBirthRegistration,CompletenessOfDeathRegistration) VALUES (201,201,100.0,99.0);
INSERT INTO HealthSystem(HealthSystemID,CountryID,CompletenessOfBirthRegistration,CompletenessOfDeathRegistration) VALUES (202,202,100.0,87.0);
INSERT INTO HealthSystem(HealthSystemID,CountryID,CompletenessOfBirthRegistration,CompletenessOfDeathRegistration) VALUES (203,203,100.0,100.0);
INSERT INTO HealthSystem(HealthSystemID,CountryID,CompletenessOfBirthRegistration,CompletenessOfDeathRegistration) VALUES (204,204,100.0,98.0);
INSERT INTO HealthSystem(HealthSystemID,CountryID,CompletenessOfBirthRegistration,CompletenessOfDeathRegistration) VALUES (205,205,100.0,99.0);
INSERT INTO HealthSystem(HealthSystemID,CountryID,CompletenessOfBirthRegistration,CompletenessOfDeathRegistration) VALUES (206,206,NULL,NULL);
INSERT INTO HealthSystem(HealthSystemID,CountryID,CompletenessOfBirthRegistration,CompletenessOfDeathRegistration) VALUES (207,207,43.0,NULL);
INSERT INTO HealthSystem(HealthSystemID,CountryID,CompletenessOfBirthRegistration,CompletenessOfDeathRegistration) VALUES (208,208,81.0,100.0);
INSERT INTO HealthSystem(HealthSystemID,CountryID,CompletenessOfBirthRegistration,CompletenessOfDeathRegistration) VALUES (209,209,96.0,NULL);
INSERT INTO HealthSystem(HealthSystemID,CountryID,CompletenessOfBirthRegistration,CompletenessOfDeathRegistration) VALUES (210,210,NULL,NULL);
INSERT INTO HealthSystem(HealthSystemID,CountryID,CompletenessOfBirthRegistration,CompletenessOfDeathRegistration) VALUES (211,211,96.0,NULL);
INSERT INTO HealthSystem(HealthSystemID,CountryID,CompletenessOfBirthRegistration,CompletenessOfDeathRegistration) VALUES (212,212,30.7,NULL);
INSERT INTO HealthSystem(HealthSystemID,CountryID,CompletenessOfBirthRegistration,CompletenessOfDeathRegistration) VALUES (213,213,11.3,NULL);
INSERT INTO HealthSystem(HealthSystemID,CountryID,CompletenessOfBirthRegistration,CompletenessOfDeathRegistration) VALUES (214,214,38.0,NULL);


INSERT INTO HealthExpenditure(HealthExpenditureID,HealthSystemID,PercentOfGDP,PercentOfPublicFunded,PercentOutOfPocketCosts,PerCapita,ExternalHealthExpenditure) VALUES (1,1,10.2,5.1,77.4,57.2,17.5);
INSERT INTO HealthExpenditure(HealthExpenditureID,HealthSystemID,PercentOfGDP,PercentOfPublicFunded,PercentOutOfPocketCosts,PerCapita,ExternalHealthExpenditure) VALUES (2,2,6.7,41.4,58.0,271.5,0.7);
INSERT INTO HealthExpenditure(HealthExpenditureID,HealthSystemID,PercentOfGDP,PercentOfPublicFunded,PercentOutOfPocketCosts,PerCapita,ExternalHealthExpenditure) VALUES (3,3,6.6,67.7,30.9,260.4,0.0);
INSERT INTO HealthExpenditure(HealthExpenditureID,HealthSystemID,PercentOfGDP,PercentOfPublicFunded,PercentOutOfPocketCosts,PerCapita,ExternalHealthExpenditure) VALUES (4,4,NULL,NULL,NULL,NULL,NULL);
INSERT INTO HealthExpenditure(HealthExpenditureID,HealthSystemID,PercentOfGDP,PercentOfPublicFunded,PercentOutOfPocketCosts,PerCapita,ExternalHealthExpenditure) VALUES (5,5,10.4,49.1,41.7,NULL,NULL);
INSERT INTO HealthExpenditure(HealthExpenditureID,HealthSystemID,PercentOfGDP,PercentOfPublicFunded,PercentOutOfPocketCosts,PerCapita,ExternalHealthExpenditure) VALUES (6,6,2.9,44.1,35.2,95.2,3.6);
INSERT INTO HealthExpenditure(HealthExpenditureID,HealthSystemID,PercentOfGDP,PercentOfPublicFunded,PercentOutOfPocketCosts,PerCapita,ExternalHealthExpenditure) VALUES (7,7,4.3,60.6,32.2,623.1,0.0);
INSERT INTO HealthExpenditure(HealthExpenditureID,HealthSystemID,PercentOfGDP,PercentOfPublicFunded,PercentOutOfPocketCosts,PerCapita,ExternalHealthExpenditure) VALUES (8,8,7.5,74.4,15.8,955.2,0.6);
INSERT INTO HealthExpenditure(HealthExpenditureID,HealthSystemID,PercentOfGDP,PercentOfPublicFunded,PercentOutOfPocketCosts,PerCapita,ExternalHealthExpenditure) VALUES (9,9,9.9,16.5,80.6,358.8,1.7);
INSERT INTO HealthExpenditure(HealthExpenditureID,HealthSystemID,PercentOfGDP,PercentOfPublicFunded,PercentOutOfPocketCosts,PerCapita,ExternalHealthExpenditure) VALUES (10,10,NULL,NULL,NULL,NULL,NULL);
INSERT INTO HealthExpenditure(HealthExpenditureID,HealthSystemID,PercentOfGDP,PercentOfPublicFunded,PercentOutOfPocketCosts,PerCapita,ExternalHealthExpenditure) VALUES (11,11,9.3,68.3,18.9,NULL,0.0);
INSERT INTO HealthExpenditure(HealthExpenditureID,HealthSystemID,PercentOfGDP,PercentOfPublicFunded,PercentOutOfPocketCosts,PerCapita,ExternalHealthExpenditure) VALUES (12,12,10.4,72.5,18.9,NULL,NULL);
INSERT INTO HealthExpenditure(HealthExpenditureID,HealthSystemID,PercentOfGDP,PercentOfPublicFunded,PercentOutOfPocketCosts,PerCapita,ExternalHealthExpenditure) VALUES (13,13,6.9,20.0,78.9,268.2,0.4);
INSERT INTO HealthExpenditure(HealthExpenditureID,HealthSystemID,PercentOfGDP,PercentOfPublicFunded,PercentOutOfPocketCosts,PerCapita,ExternalHealthExpenditure) VALUES (14,14,6.4,49.9,27.7,NULL,0.4);
INSERT INTO HealthExpenditure(HealthExpenditureID,HealthSystemID,PercentOfGDP,PercentOfPublicFunded,PercentOutOfPocketCosts,PerCapita,ExternalHealthExpenditure) VALUES (15,15,4.9,61.4,28.0,NULL,0.0);
INSERT INTO HealthExpenditure(HealthExpenditureID,HealthSystemID,PercentOfGDP,PercentOfPublicFunded,PercentOutOfPocketCosts,PerCapita,ExternalHealthExpenditure) VALUES (16,16,2.4,18.0,71.9,34.2,7.6);
INSERT INTO HealthExpenditure(HealthExpenditureID,HealthSystemID,PercentOfGDP,PercentOfPublicFunded,PercentOutOfPocketCosts,PerCapita,ExternalHealthExpenditure) VALUES (17,17,7.0,45.9,45.2,NULL,1.7);
INSERT INTO HealthExpenditure(HealthExpenditureID,HealthSystemID,PercentOfGDP,PercentOfPublicFunded,PercentOutOfPocketCosts,PerCapita,ExternalHealthExpenditure) VALUES (18,18,6.3,61.4,35.8,318.0,0.2);
INSERT INTO HealthExpenditure(HealthExpenditureID,HealthSystemID,PercentOfGDP,PercentOfPublicFunded,PercentOutOfPocketCosts,PerCapita,ExternalHealthExpenditure) VALUES (19,19,10.0,84.1,15.9,NULL,0.0);
INSERT INTO HealthExpenditure(HealthExpenditureID,HealthSystemID,PercentOfGDP,PercentOfPublicFunded,PercentOutOfPocketCosts,PerCapita,ExternalHealthExpenditure) VALUES (20,20,6.1,66.3,22.9,303.6,3.8);
INSERT INTO HealthExpenditure(HealthExpenditureID,HealthSystemID,PercentOfGDP,PercentOfPublicFunded,PercentOutOfPocketCosts,PerCapita,ExternalHealthExpenditure) VALUES (21,21,3.9,20.5,43.5,30.4,30.5);
INSERT INTO HealthExpenditure(HealthExpenditureID,HealthSystemID,PercentOfGDP,PercentOfPublicFunded,PercentOutOfPocketCosts,PerCapita,ExternalHealthExpenditure) VALUES (22,22,NULL,NULL,NULL,NULL,NULL);
INSERT INTO HealthExpenditure(HealthExpenditureID,HealthSystemID,PercentOfGDP,PercentOfPublicFunded,PercentOutOfPocketCosts,PerCapita,ExternalHealthExpenditure) VALUES (23,23,3.5,74.0,20.1,91.3,4.8);
INSERT INTO HealthExpenditure(HealthExpenditureID,HealthSystemID,PercentOfGDP,PercentOfPublicFunded,PercentOutOfPocketCosts,PerCapita,ExternalHealthExpenditure) VALUES (24,24,6.9,65.7,28.0,213.0,3.2);
INSERT INTO HealthExpenditure(HealthExpenditureID,HealthSystemID,PercentOfGDP,PercentOfPublicFunded,PercentOutOfPocketCosts,PerCapita,ExternalHealthExpenditure) VALUES (25,25,9.2,70.8,28.7,443.8,0.2);
INSERT INTO HealthExpenditure(HealthExpenditureID,HealthSystemID,PercentOfGDP,PercentOfPublicFunded,PercentOutOfPocketCosts,PerCapita,ExternalHealthExpenditure) VALUES (26,26,5.5,55.9,5.2,379.9,6.7);
INSERT INTO HealthExpenditure(HealthExpenditureID,HealthSystemID,PercentOfGDP,PercentOfPublicFunded,PercentOutOfPocketCosts,PerCapita,ExternalHealthExpenditure) VALUES (27,27,11.8,33.2,43.6,NULL,0.1);
INSERT INTO HealthExpenditure(HealthExpenditureID,HealthSystemID,PercentOfGDP,PercentOfPublicFunded,PercentOutOfPocketCosts,PerCapita,ExternalHealthExpenditure) VALUES (28,28,2.3,94.9,5.1,630.6,0.0);
INSERT INTO HealthExpenditure(HealthExpenditureID,HealthSystemID,PercentOfGDP,PercentOfPublicFunded,PercentOutOfPocketCosts,PerCapita,ExternalHealthExpenditure) VALUES (29,29,8.2,50.6,48.0,612.5,NULL);
INSERT INTO HealthExpenditure(HealthExpenditureID,HealthSystemID,PercentOfGDP,PercentOfPublicFunded,PercentOutOfPocketCosts,PerCapita,ExternalHealthExpenditure) VALUES (30,30,6.8,40.1,31.4,40.9,23.5);
INSERT INTO HealthExpenditure(HealthExpenditureID,HealthSystemID,PercentOfGDP,PercentOfPublicFunded,PercentOutOfPocketCosts,PerCapita,ExternalHealthExpenditure) VALUES (31,31,6.2,29.1,30.5,18.5,38.6);
INSERT INTO HealthExpenditure(HealthExpenditureID,HealthSystemID,PercentOfGDP,PercentOfPublicFunded,PercentOutOfPocketCosts,PerCapita,ExternalHealthExpenditure) VALUES (32,32,5.2,56.8,26.0,159.1,15.1);
INSERT INTO HealthExpenditure(HealthExpenditureID,HealthSystemID,PercentOfGDP,PercentOfPublicFunded,PercentOutOfPocketCosts,PerCapita,ExternalHealthExpenditure) VALUES (33,33,6.1,21.8,58.6,77.7,18.9);
INSERT INTO HealthExpenditure(HealthExpenditureID,HealthSystemID,PercentOfGDP,PercentOfPublicFunded,PercentOutOfPocketCosts,PerCapita,ExternalHealthExpenditure) VALUES (34,34,4.7,13.3,69.5,64.5,9.3);
INSERT INTO HealthExpenditure(HealthExpenditureID,HealthSystemID,PercentOfGDP,PercentOfPublicFunded,PercentOutOfPocketCosts,PerCapita,ExternalHealthExpenditure) VALUES (35,35,10.5,73.4,14.6,NULL,NULL);
INSERT INTO HealthExpenditure(HealthExpenditureID,HealthSystemID,PercentOfGDP,PercentOfPublicFunded,PercentOutOfPocketCosts,PerCapita,ExternalHealthExpenditure) VALUES (36,36,NULL,NULL,NULL,NULL,NULL);
INSERT INTO HealthExpenditure(HealthExpenditureID,HealthSystemID,PercentOfGDP,PercentOfPublicFunded,PercentOutOfPocketCosts,PerCapita,ExternalHealthExpenditure) VALUES (37,37,4.3,14.9,43.1,16.4,40.9);
INSERT INTO HealthExpenditure(HealthExpenditureID,HealthSystemID,PercentOfGDP,PercentOfPublicFunded,PercentOutOfPocketCosts,PerCapita,ExternalHealthExpenditure) VALUES (38,38,4.5,18.9,61.2,31.7,14.6);
INSERT INTO HealthExpenditure(HealthExpenditureID,HealthSystemID,PercentOfGDP,PercentOfPublicFunded,PercentOutOfPocketCosts,PerCapita,ExternalHealthExpenditure) VALUES (39,39,NULL,NULL,NULL,NULL,NULL);
INSERT INTO HealthExpenditure(HealthExpenditureID,HealthSystemID,PercentOfGDP,PercentOfPublicFunded,PercentOutOfPocketCosts,PerCapita,ExternalHealthExpenditure) VALUES (40,40,8.5,58.5,34.8,NULL,0.0);
INSERT INTO HealthExpenditure(HealthExpenditureID,HealthSystemID,PercentOfGDP,PercentOfPublicFunded,PercentOutOfPocketCosts,PerCapita,ExternalHealthExpenditure) VALUES (41,41,5.0,58.0,35.9,398.3,0.0);
INSERT INTO HealthExpenditure(HealthExpenditureID,HealthSystemID,PercentOfGDP,PercentOfPublicFunded,PercentOutOfPocketCosts,PerCapita,ExternalHealthExpenditure) VALUES (42,42,NULL,NULL,NULL,NULL,NULL);
INSERT INTO HealthExpenditure(HealthExpenditureID,HealthSystemID,PercentOfGDP,PercentOfPublicFunded,PercentOutOfPocketCosts,PerCapita,ExternalHealthExpenditure) VALUES (43,43,NULL,NULL,NULL,NULL,NULL);
INSERT INTO HealthExpenditure(HealthExpenditureID,HealthSystemID,PercentOfGDP,PercentOfPublicFunded,PercentOutOfPocketCosts,PerCapita,ExternalHealthExpenditure) VALUES (44,44,5.9,62.3,20.2,340.4,2.1);
INSERT INTO HealthExpenditure(HealthExpenditureID,HealthSystemID,PercentOfGDP,PercentOfPublicFunded,PercentOutOfPocketCosts,PerCapita,ExternalHealthExpenditure) VALUES (45,45,7.6,14.6,73.1,59.0,10.8);
INSERT INTO HealthExpenditure(HealthExpenditureID,HealthSystemID,PercentOfGDP,PercentOfPublicFunded,PercentOutOfPocketCosts,PerCapita,ExternalHealthExpenditure) VALUES (46,46,3.9,12.3,37.4,20.5,43.4);
INSERT INTO HealthExpenditure(HealthExpenditureID,HealthSystemID,PercentOfGDP,PercentOfPublicFunded,PercentOutOfPocketCosts,PerCapita,ExternalHealthExpenditure) VALUES (47,47,4.6,42.3,49.7,70.4,3.3);
INSERT INTO HealthExpenditure(HealthExpenditureID,HealthSystemID,PercentOfGDP,PercentOfPublicFunded,PercentOutOfPocketCosts,PerCapita,ExternalHealthExpenditure) VALUES (48,48,7.6,74.8,22.1,888.9,0.3);
INSERT INTO HealthExpenditure(HealthExpenditureID,HealthSystemID,PercentOfGDP,PercentOfPublicFunded,PercentOutOfPocketCosts,PerCapita,ExternalHealthExpenditure) VALUES (49,49,4.4,25.8,40.1,67.6,15.0);
INSERT INTO HealthExpenditure(HealthExpenditureID,HealthSystemID,PercentOfGDP,PercentOfPublicFunded,PercentOutOfPocketCosts,PerCapita,ExternalHealthExpenditure) VALUES (50,50,7.2,78.2,15.4,884.5,NULL);
INSERT INTO HealthExpenditure(HealthExpenditureID,HealthSystemID,PercentOfGDP,PercentOfPublicFunded,PercentOutOfPocketCosts,PerCapita,ExternalHealthExpenditure) VALUES (51,51,12.2,89.6,10.3,970.6,0.1);
INSERT INTO HealthExpenditure(HealthExpenditureID,HealthSystemID,PercentOfGDP,PercentOfPublicFunded,PercentOutOfPocketCosts,PerCapita,ExternalHealthExpenditure) VALUES (52,52,NULL,NULL,NULL,NULL,NULL);
INSERT INTO HealthExpenditure(HealthExpenditureID,HealthSystemID,PercentOfGDP,PercentOfPublicFunded,PercentOutOfPocketCosts,PerCapita,ExternalHealthExpenditure) VALUES (53,53,6.9,42.2,44.9,NULL,1.2);
INSERT INTO HealthExpenditure(HealthExpenditureID,HealthSystemID,PercentOfGDP,PercentOfPublicFunded,PercentOutOfPocketCosts,PerCapita,ExternalHealthExpenditure) VALUES (54,54,7.1,81.9,15.0,NULL,NULL);
INSERT INTO HealthExpenditure(HealthExpenditureID,HealthSystemID,PercentOfGDP,PercentOfPublicFunded,PercentOutOfPocketCosts,PerCapita,ExternalHealthExpenditure) VALUES (55,55,10.4,84.1,13.7,NULL,NULL);
INSERT INTO HealthExpenditure(HealthExpenditureID,HealthSystemID,PercentOfGDP,PercentOfPublicFunded,PercentOutOfPocketCosts,PerCapita,ExternalHealthExpenditure) VALUES (56,56,3.5,45.8,25.8,70.2,27.8);
INSERT INTO HealthExpenditure(HealthExpenditureID,HealthSystemID,PercentOfGDP,PercentOfPublicFunded,PercentOutOfPocketCosts,PerCapita,ExternalHealthExpenditure) VALUES (57,57,5.3,64.3,29.1,419.4,5.4);
INSERT INTO HealthExpenditure(HealthExpenditureID,HealthSystemID,PercentOfGDP,PercentOfPublicFunded,PercentOutOfPocketCosts,PerCapita,ExternalHealthExpenditure) VALUES (58,58,6.2,45.7,44.6,414.2,0.6);
INSERT INTO HealthExpenditure(HealthExpenditureID,HealthSystemID,PercentOfGDP,PercentOfPublicFunded,PercentOutOfPocketCosts,PerCapita,ExternalHealthExpenditure) VALUES (59,59,8.4,51.2,40.5,504.8,0.4);
INSERT INTO HealthExpenditure(HealthExpenditureID,HealthSystemID,PercentOfGDP,PercentOfPublicFunded,PercentOutOfPocketCosts,PerCapita,ExternalHealthExpenditure) VALUES (60,60,4.6,29.3,62.0,131.0,1.0);
INSERT INTO HealthExpenditure(HealthExpenditureID,HealthSystemID,PercentOfGDP,PercentOfPublicFunded,PercentOutOfPocketCosts,PerCapita,ExternalHealthExpenditure) VALUES (61,61,7.0,64.5,27.2,293.9,2.3);
INSERT INTO HealthExpenditure(HealthExpenditureID,HealthSystemID,PercentOfGDP,PercentOfPublicFunded,PercentOutOfPocketCosts,PerCapita,ExternalHealthExpenditure) VALUES (62,62,3.4,23.5,72.8,281.4,1.2);
INSERT INTO HealthExpenditure(HealthExpenditureID,HealthSystemID,PercentOfGDP,PercentOfPublicFunded,PercentOutOfPocketCosts,PerCapita,ExternalHealthExpenditure) VALUES (63,63,3.0,29.2,59.1,29.9,11.7);
INSERT INTO HealthExpenditure(HealthExpenditureID,HealthSystemID,PercentOfGDP,PercentOfPublicFunded,PercentOutOfPocketCosts,PerCapita,ExternalHealthExpenditure) VALUES (64,64,6.7,75.4,22.7,NULL,0.2);
INSERT INTO HealthExpenditure(HealthExpenditureID,HealthSystemID,PercentOfGDP,PercentOfPublicFunded,PercentOutOfPocketCosts,PerCapita,ExternalHealthExpenditure) VALUES (65,65,7.7,69.3,9.9,220.6,13.8);
INSERT INTO HealthExpenditure(HealthExpenditureID,HealthSystemID,PercentOfGDP,PercentOfPublicFunded,PercentOutOfPocketCosts,PerCapita,ExternalHealthExpenditure) VALUES (66,66,4.0,27.6,37.4,27.5,15.3);
INSERT INTO HealthExpenditure(HealthExpenditureID,HealthSystemID,PercentOfGDP,PercentOfPublicFunded,PercentOutOfPocketCosts,PerCapita,ExternalHealthExpenditure) VALUES (67,67,NULL,NULL,NULL,NULL,NULL);
INSERT INTO HealthExpenditure(HealthExpenditureID,HealthSystemID,PercentOfGDP,PercentOfPublicFunded,PercentOutOfPocketCosts,PerCapita,ExternalHealthExpenditure) VALUES (68,68,3.5,63.9,20.6,179.9,3.1);
INSERT INTO HealthExpenditure(HealthExpenditureID,HealthSystemID,PercentOfGDP,PercentOfPublicFunded,PercentOutOfPocketCosts,PerCapita,ExternalHealthExpenditure) VALUES (69,69,9.5,77.4,20.4,NULL,0.0);
INSERT INTO HealthExpenditure(HealthExpenditureID,HealthSystemID,PercentOfGDP,PercentOfPublicFunded,PercentOutOfPocketCosts,PerCapita,ExternalHealthExpenditure) VALUES (70,70,11.5,82.9,9.8,NULL,0.0);
INSERT INTO HealthExpenditure(HealthExpenditureID,HealthSystemID,PercentOfGDP,PercentOfPublicFunded,PercentOutOfPocketCosts,PerCapita,ExternalHealthExpenditure) VALUES (71,71,NULL,NULL,NULL,NULL,NULL);
INSERT INTO HealthExpenditure(HealthExpenditureID,HealthSystemID,PercentOfGDP,PercentOfPublicFunded,PercentOutOfPocketCosts,PerCapita,ExternalHealthExpenditure) VALUES (72,72,3.1,64.6,22.5,220.4,0.9);
INSERT INTO HealthExpenditure(HealthExpenditureID,HealthSystemID,PercentOfGDP,PercentOfPublicFunded,PercentOutOfPocketCosts,PerCapita,ExternalHealthExpenditure) VALUES (73,73,4.4,18.6,23.6,20.9,43.8);
INSERT INTO HealthExpenditure(HealthExpenditureID,HealthSystemID,PercentOfGDP,PercentOfPublicFunded,PercentOutOfPocketCosts,PerCapita,ExternalHealthExpenditure) VALUES (74,74,8.4,36.6,55.6,308.0,2.3);
INSERT INTO HealthExpenditure(HealthExpenditureID,HealthSystemID,PercentOfGDP,PercentOfPublicFunded,PercentOutOfPocketCosts,PerCapita,ExternalHealthExpenditure) VALUES (75,75,11.1,84.7,12.4,NULL,NULL);
INSERT INTO HealthExpenditure(HealthExpenditureID,HealthSystemID,PercentOfGDP,PercentOfPublicFunded,PercentOutOfPocketCosts,PerCapita,ExternalHealthExpenditure) VALUES (76,76,4.4,38.4,37.8,67.5,12.8);
INSERT INTO HealthExpenditure(HealthExpenditureID,HealthSystemID,PercentOfGDP,PercentOfPublicFunded,PercentOutOfPocketCosts,PerCapita,ExternalHealthExpenditure) VALUES (77,77,8.5,60.7,34.3,NULL,0.3);
INSERT INTO HealthExpenditure(HealthExpenditureID,HealthSystemID,PercentOfGDP,PercentOfPublicFunded,PercentOutOfPocketCosts,PerCapita,ExternalHealthExpenditure) VALUES (78,78,NULL,NULL,NULL,NULL,NULL);
INSERT INTO HealthExpenditure(HealthExpenditureID,HealthSystemID,PercentOfGDP,PercentOfPublicFunded,PercentOutOfPocketCosts,PerCapita,ExternalHealthExpenditure) VALUES (79,79,5.2,41.3,57.8,516.4,0.9);
INSERT INTO HealthExpenditure(HealthExpenditureID,HealthSystemID,PercentOfGDP,PercentOfPublicFunded,PercentOutOfPocketCosts,PerCapita,ExternalHealthExpenditure) VALUES (80,80,NULL,NULL,NULL,NULL,NULL);
INSERT INTO HealthExpenditure(HealthExpenditureID,HealthSystemID,PercentOfGDP,PercentOfPublicFunded,PercentOutOfPocketCosts,PerCapita,ExternalHealthExpenditure) VALUES (81,81,5.8,37.2,53.3,241.4,0.9);
INSERT INTO HealthExpenditure(HealthExpenditureID,HealthSystemID,PercentOfGDP,PercentOfPublicFunded,PercentOutOfPocketCosts,PerCapita,ExternalHealthExpenditure) VALUES (82,82,5.5,12.3,49.8,37.5,27.2);
INSERT INTO HealthExpenditure(HealthExpenditureID,HealthSystemID,PercentOfGDP,PercentOfPublicFunded,PercentOutOfPocketCosts,PerCapita,ExternalHealthExpenditure) VALUES (83,83,6.1,44.3,35.4,39.1,20.3);
INSERT INTO HealthExpenditure(HealthExpenditureID,HealthSystemID,PercentOfGDP,PercentOfPublicFunded,PercentOutOfPocketCosts,PerCapita,ExternalHealthExpenditure) VALUES (84,84,4.2,58.9,35.1,192.3,5.9);
INSERT INTO HealthExpenditure(HealthExpenditureID,HealthSystemID,PercentOfGDP,PercentOfPublicFunded,PercentOutOfPocketCosts,PerCapita,ExternalHealthExpenditure) VALUES (85,85,5.4,15.3,41.7,37.7,38.4);
INSERT INTO HealthExpenditure(HealthExpenditureID,HealthSystemID,PercentOfGDP,PercentOfPublicFunded,PercentOutOfPocketCosts,PerCapita,ExternalHealthExpenditure) VALUES (86,86,8.4,45.9,45.0,199.6,3.1);
INSERT INTO HealthExpenditure(HealthExpenditureID,HealthSystemID,PercentOfGDP,PercentOfPublicFunded,PercentOutOfPocketCosts,PerCapita,ExternalHealthExpenditure) VALUES (87,87,7.4,65.9,29.7,942.6,0.0);
INSERT INTO HealthExpenditure(HealthExpenditureID,HealthSystemID,PercentOfGDP,PercentOfPublicFunded,PercentOutOfPocketCosts,PerCapita,ExternalHealthExpenditure) VALUES (88,88,8.3,81.5,16.9,NULL,0.0);
INSERT INTO HealthExpenditure(HealthExpenditureID,HealthSystemID,PercentOfGDP,PercentOfPublicFunded,PercentOutOfPocketCosts,PerCapita,ExternalHealthExpenditure) VALUES (89,89,3.7,25.4,64.6,62.7,1.0);
INSERT INTO HealthExpenditure(HealthExpenditureID,HealthSystemID,PercentOfGDP,PercentOfPublicFunded,PercentOutOfPocketCosts,PerCapita,ExternalHealthExpenditure) VALUES (90,90,3.1,44.7,37.3,111.6,0.4);
INSERT INTO HealthExpenditure(HealthExpenditureID,HealthSystemID,PercentOfGDP,PercentOfPublicFunded,PercentOutOfPocketCosts,PerCapita,ExternalHealthExpenditure) VALUES (91,91,8.1,54.5,38.8,415.4,0.0);
INSERT INTO HealthExpenditure(HealthExpenditureID,HealthSystemID,PercentOfGDP,PercentOfPublicFunded,PercentOutOfPocketCosts,PerCapita,ExternalHealthExpenditure) VALUES (92,92,3.3,21.1,78.5,152.6,0.4);
INSERT INTO HealthExpenditure(HealthExpenditureID,HealthSystemID,PercentOfGDP,PercentOfPublicFunded,PercentOutOfPocketCosts,PerCapita,ExternalHealthExpenditure) VALUES (93,93,7.4,72.1,13.0,NULL,0.0);
INSERT INTO HealthExpenditure(HealthExpenditureID,HealthSystemID,PercentOfGDP,PercentOfPublicFunded,PercentOutOfPocketCosts,PerCapita,ExternalHealthExpenditure) VALUES (94,94,NULL,NULL,NULL,NULL,NULL);
INSERT INTO HealthExpenditure(HealthExpenditureID,HealthSystemID,PercentOfGDP,PercentOfPublicFunded,PercentOutOfPocketCosts,PerCapita,ExternalHealthExpenditure) VALUES (95,95,7.3,62.5,23.0,NULL,1.5);
INSERT INTO HealthExpenditure(HealthExpenditureID,HealthSystemID,PercentOfGDP,PercentOfPublicFunded,PercentOutOfPocketCosts,PerCapita,ExternalHealthExpenditure) VALUES (96,96,8.9,74.5,23.1,NULL,NULL);
INSERT INTO HealthExpenditure(HealthExpenditureID,HealthSystemID,PercentOfGDP,PercentOfPublicFunded,PercentOutOfPocketCosts,PerCapita,ExternalHealthExpenditure) VALUES (97,97,6.1,60.6,22.4,296.2,1.2);
INSERT INTO HealthExpenditure(HealthExpenditureID,HealthSystemID,PercentOfGDP,PercentOfPublicFunded,PercentOutOfPocketCosts,PerCapita,ExternalHealthExpenditure) VALUES (98,98,10.9,83.6,13.5,NULL,0.0);
INSERT INTO HealthExpenditure(HealthExpenditureID,HealthSystemID,PercentOfGDP,PercentOfPublicFunded,PercentOutOfPocketCosts,PerCapita,ExternalHealthExpenditure) VALUES (99,99,5.5,63.2,28.0,223.5,5.7);
INSERT INTO HealthExpenditure(HealthExpenditureID,HealthSystemID,PercentOfGDP,PercentOfPublicFunded,PercentOutOfPocketCosts,PerCapita,ExternalHealthExpenditure) VALUES (100,100,3.5,58.8,35.6,262.0,1.2);
INSERT INTO HealthExpenditure(HealthExpenditureID,HealthSystemID,PercentOfGDP,PercentOfPublicFunded,PercentOutOfPocketCosts,PerCapita,ExternalHealthExpenditure) VALUES (101,101,4.5,36.2,27.7,66.2,19.5);
INSERT INTO HealthExpenditure(HealthExpenditureID,HealthSystemID,PercentOfGDP,PercentOfPublicFunded,PercentOutOfPocketCosts,PerCapita,ExternalHealthExpenditure) VALUES (102,102,11.9,79.6,0.1,188.0,17.0);
INSERT INTO HealthExpenditure(HealthExpenditureID,HealthSystemID,PercentOfGDP,PercentOfPublicFunded,PercentOutOfPocketCosts,PerCapita,ExternalHealthExpenditure) VALUES (103,103,NULL,NULL,NULL,NULL,NULL);
INSERT INTO HealthExpenditure(HealthExpenditureID,HealthSystemID,PercentOfGDP,PercentOfPublicFunded,PercentOutOfPocketCosts,PerCapita,ExternalHealthExpenditure) VALUES (104,104,7.3,59.2,33.3,NULL,0.0);
INSERT INTO HealthExpenditure(HealthExpenditureID,HealthSystemID,PercentOfGDP,PercentOfPublicFunded,PercentOutOfPocketCosts,PerCapita,ExternalHealthExpenditure) VALUES (105,105,NULL,NULL,NULL,NULL,NULL);
INSERT INTO HealthExpenditure(HealthExpenditureID,HealthSystemID,PercentOfGDP,PercentOfPublicFunded,PercentOutOfPocketCosts,PerCapita,ExternalHealthExpenditure) VALUES (106,106,3.9,83.9,16.1,NULL,0.0);
INSERT INTO HealthExpenditure(HealthExpenditureID,HealthSystemID,PercentOfGDP,PercentOfPublicFunded,PercentOutOfPocketCosts,PerCapita,ExternalHealthExpenditure) VALUES (107,107,6.6,39.1,57.6,72.9,3.3);
INSERT INTO HealthExpenditure(HealthExpenditureID,HealthSystemID,PercentOfGDP,PercentOfPublicFunded,PercentOutOfPocketCosts,PerCapita,ExternalHealthExpenditure) VALUES (108,108,2.4,32.4,46.4,55.2,18.1);
INSERT INTO HealthExpenditure(HealthExpenditureID,HealthSystemID,PercentOfGDP,PercentOfPublicFunded,PercentOutOfPocketCosts,PerCapita,ExternalHealthExpenditure) VALUES (109,109,6.2,54.6,44.6,874.2,0.0);
INSERT INTO HealthExpenditure(HealthExpenditureID,HealthSystemID,PercentOfGDP,PercentOfPublicFunded,PercentOutOfPocketCosts,PerCapita,ExternalHealthExpenditure) VALUES (110,110,8.0,52.1,32.1,662.1,0.8);
INSERT INTO HealthExpenditure(HealthExpenditureID,HealthSystemID,PercentOfGDP,PercentOfPublicFunded,PercentOutOfPocketCosts,PerCapita,ExternalHealthExpenditure) VALUES (111,111,8.1,63.8,18.9,85.5,17.3);
INSERT INTO HealthExpenditure(HealthExpenditureID,HealthSystemID,PercentOfGDP,PercentOfPublicFunded,PercentOutOfPocketCosts,PerCapita,ExternalHealthExpenditure) VALUES (112,112,9.6,14.2,47.3,68.3,30.1);
INSERT INTO HealthExpenditure(HealthExpenditureID,HealthSystemID,PercentOfGDP,PercentOfPublicFunded,PercentOutOfPocketCosts,PerCapita,ExternalHealthExpenditure) VALUES (113,113,NULL,NULL,NULL,NULL,NULL);
INSERT INTO HealthExpenditure(HealthExpenditureID,HealthSystemID,PercentOfGDP,PercentOfPublicFunded,PercentOutOfPocketCosts,PerCapita,ExternalHealthExpenditure) VALUES (114,114,NULL,NULL,NULL,NULL,NULL);
INSERT INTO HealthExpenditure(HealthExpenditureID,HealthSystemID,PercentOfGDP,PercentOfPublicFunded,PercentOutOfPocketCosts,PerCapita,ExternalHealthExpenditure) VALUES (115,115,6.7,65.6,32.3,987.9,1.0);
INSERT INTO HealthExpenditure(HealthExpenditureID,HealthSystemID,PercentOfGDP,PercentOfPublicFunded,PercentOutOfPocketCosts,PerCapita,ExternalHealthExpenditure) VALUES (116,116,6.2,81.2,11.2,NULL,1.2);
INSERT INTO HealthExpenditure(HealthExpenditureID,HealthSystemID,PercentOfGDP,PercentOfPublicFunded,PercentOutOfPocketCosts,PerCapita,ExternalHealthExpenditure) VALUES (117,117,6.0,47.7,22.4,24.1,25.1);
INSERT INTO HealthExpenditure(HealthExpenditureID,HealthSystemID,PercentOfGDP,PercentOfPublicFunded,PercentOutOfPocketCosts,PerCapita,ExternalHealthExpenditure) VALUES (118,118,9.8,28.0,11.4,29.6,53.8);
INSERT INTO HealthExpenditure(HealthExpenditureID,HealthSystemID,PercentOfGDP,PercentOfPublicFunded,PercentOutOfPocketCosts,PerCapita,ExternalHealthExpenditure) VALUES (119,119,3.8,50.5,37.6,361.5,0.0);
INSERT INTO HealthExpenditure(HealthExpenditureID,HealthSystemID,PercentOfGDP,PercentOfPublicFunded,PercentOutOfPocketCosts,PerCapita,ExternalHealthExpenditure) VALUES (120,120,10.6,72.6,19.1,NULL,0.5);
INSERT INTO HealthExpenditure(HealthExpenditureID,HealthSystemID,PercentOfGDP,PercentOfPublicFunded,PercentOutOfPocketCosts,PerCapita,ExternalHealthExpenditure) VALUES (121,121,3.8,31.6,35.3,29.8,32.2);
INSERT INTO HealthExpenditure(HealthExpenditureID,HealthSystemID,PercentOfGDP,PercentOfPublicFunded,PercentOutOfPocketCosts,PerCapita,ExternalHealthExpenditure) VALUES (122,122,9.3,63.1,34.8,NULL,0.0);
INSERT INTO HealthExpenditure(HealthExpenditureID,HealthSystemID,PercentOfGDP,PercentOfPublicFunded,PercentOutOfPocketCosts,PerCapita,ExternalHealthExpenditure) VALUES (123,123,23.3,52.6,9.0,851.3,35.4);
INSERT INTO HealthExpenditure(HealthExpenditureID,HealthSystemID,PercentOfGDP,PercentOfPublicFunded,PercentOutOfPocketCosts,PerCapita,ExternalHealthExpenditure) VALUES (124,124,4.2,36.7,50.9,46.8,8.2);
INSERT INTO HealthExpenditure(HealthExpenditureID,HealthSystemID,PercentOfGDP,PercentOfPublicFunded,PercentOutOfPocketCosts,PerCapita,ExternalHealthExpenditure) VALUES (125,125,5.7,44.1,48.2,553.1,0.2);
INSERT INTO HealthExpenditure(HealthExpenditureID,HealthSystemID,PercentOfGDP,PercentOfPublicFunded,PercentOutOfPocketCosts,PerCapita,ExternalHealthExpenditure) VALUES (126,126,5.5,52.1,40.4,461.8,NULL);
INSERT INTO HealthExpenditure(HealthExpenditureID,HealthSystemID,PercentOfGDP,PercentOfPublicFunded,PercentOutOfPocketCosts,PerCapita,ExternalHealthExpenditure) VALUES (127,127,12.6,27.8,2.6,386.7,69.2);
INSERT INTO HealthExpenditure(HealthExpenditureID,HealthSystemID,PercentOfGDP,PercentOfPublicFunded,PercentOutOfPocketCosts,PerCapita,ExternalHealthExpenditure) VALUES (128,128,9.0,48.8,46.3,171.2,3.7);
INSERT INTO HealthExpenditure(HealthExpenditureID,HealthSystemID,PercentOfGDP,PercentOfPublicFunded,PercentOutOfPocketCosts,PerCapita,ExternalHealthExpenditure) VALUES (129,129,1.7,79.6,7.1,NULL,NULL);
INSERT INTO HealthExpenditure(HealthExpenditureID,HealthSystemID,PercentOfGDP,PercentOfPublicFunded,PercentOutOfPocketCosts,PerCapita,ExternalHealthExpenditure) VALUES (130,130,3.8,56.7,35.9,140.7,3.9);
INSERT INTO HealthExpenditure(HealthExpenditureID,HealthSystemID,PercentOfGDP,PercentOfPublicFunded,PercentOutOfPocketCosts,PerCapita,ExternalHealthExpenditure) VALUES (131,131,7.6,75.0,24.1,531.7,0.4);
INSERT INTO HealthExpenditure(HealthExpenditureID,HealthSystemID,PercentOfGDP,PercentOfPublicFunded,PercentOutOfPocketCosts,PerCapita,ExternalHealthExpenditure) VALUES (132,132,5.8,46.9,48.6,171.5,0.7);
INSERT INTO HealthExpenditure(HealthExpenditureID,HealthSystemID,PercentOfGDP,PercentOfPublicFunded,PercentOutOfPocketCosts,PerCapita,ExternalHealthExpenditure) VALUES (133,133,5.1,53.3,7.7,19.2,38.1);
INSERT INTO HealthExpenditure(HealthExpenditureID,HealthSystemID,PercentOfGDP,PercentOfPublicFunded,PercentOutOfPocketCosts,PerCapita,ExternalHealthExpenditure) VALUES (134,134,5.1,20.1,74.0,62.1,5.9);
INSERT INTO HealthExpenditure(HealthExpenditureID,HealthSystemID,PercentOfGDP,PercentOfPublicFunded,PercentOutOfPocketCosts,PerCapita,ExternalHealthExpenditure) VALUES (135,135,9.1,61.9,7.7,402.8,7.0);
INSERT INTO HealthExpenditure(HealthExpenditureID,HealthSystemID,PercentOfGDP,PercentOfPublicFunded,PercentOutOfPocketCosts,PerCapita,ExternalHealthExpenditure) VALUES (136,136,6.3,18.6,55.4,45.5,11.7);
INSERT INTO HealthExpenditure(HealthExpenditureID,HealthSystemID,PercentOfGDP,PercentOfPublicFunded,PercentOutOfPocketCosts,PerCapita,ExternalHealthExpenditure) VALUES (137,137,10.4,81.0,11.5,NULL,0.0);
INSERT INTO HealthExpenditure(HealthExpenditureID,HealthSystemID,PercentOfGDP,PercentOfPublicFunded,PercentOutOfPocketCosts,PerCapita,ExternalHealthExpenditure) VALUES (138,138,NULL,NULL,NULL,NULL,NULL);
INSERT INTO HealthExpenditure(HealthExpenditureID,HealthSystemID,PercentOfGDP,PercentOfPublicFunded,PercentOutOfPocketCosts,PerCapita,ExternalHealthExpenditure) VALUES (139,139,9.2,78.7,13.6,NULL,0.0);
INSERT INTO HealthExpenditure(HealthExpenditureID,HealthSystemID,PercentOfGDP,PercentOfPublicFunded,PercentOutOfPocketCosts,PerCapita,ExternalHealthExpenditure) VALUES (140,140,8.7,61.3,32.2,188.2,4.6);
INSERT INTO HealthExpenditure(HealthExpenditureID,HealthSystemID,PercentOfGDP,PercentOfPublicFunded,PercentOutOfPocketCosts,PerCapita,ExternalHealthExpenditure) VALUES (141,141,6.2,24.3,58.5,22.7,13.0);
INSERT INTO HealthExpenditure(HealthExpenditureID,HealthSystemID,PercentOfGDP,PercentOfPublicFunded,PercentOutOfPocketCosts,PerCapita,ExternalHealthExpenditure) VALUES (142,142,3.6,13.0,75.2,79.3,9.8);
INSERT INTO HealthExpenditure(HealthExpenditureID,HealthSystemID,PercentOfGDP,PercentOfPublicFunded,PercentOutOfPocketCosts,PerCapita,ExternalHealthExpenditure) VALUES (143,143,6.3,63.6,35.4,327.8,0.7);
INSERT INTO HealthExpenditure(HealthExpenditureID,HealthSystemID,PercentOfGDP,PercentOfPublicFunded,PercentOutOfPocketCosts,PerCapita,ExternalHealthExpenditure) VALUES (144,144,NULL,NULL,NULL,NULL,NULL);
INSERT INTO HealthExpenditure(HealthExpenditureID,HealthSystemID,PercentOfGDP,PercentOfPublicFunded,PercentOutOfPocketCosts,PerCapita,ExternalHealthExpenditure) VALUES (145,145,10.5,85.1,14.5,NULL,0.0);
INSERT INTO HealthExpenditure(HealthExpenditureID,HealthSystemID,PercentOfGDP,PercentOfPublicFunded,PercentOutOfPocketCosts,PerCapita,ExternalHealthExpenditure) VALUES (146,146,4.3,89.1,5.9,648.3,0.0);
INSERT INTO HealthExpenditure(HealthExpenditureID,HealthSystemID,PercentOfGDP,PercentOfPublicFunded,PercentOutOfPocketCosts,PerCapita,ExternalHealthExpenditure) VALUES (147,147,2.8,27.9,65.2,39.6,4.1);
INSERT INTO HealthExpenditure(HealthExpenditureID,HealthSystemID,PercentOfGDP,PercentOfPublicFunded,PercentOutOfPocketCosts,PerCapita,ExternalHealthExpenditure) VALUES (148,148,11.7,59.8,14.5,NULL,15.4);
INSERT INTO HealthExpenditure(HealthExpenditureID,HealthSystemID,PercentOfGDP,PercentOfPublicFunded,PercentOutOfPocketCosts,PerCapita,ExternalHealthExpenditure) VALUES (149,149,7.3,65.6,27.4,NULL,0.7);
INSERT INTO HealthExpenditure(HealthExpenditureID,HealthSystemID,PercentOfGDP,PercentOfPublicFunded,PercentOutOfPocketCosts,PerCapita,ExternalHealthExpenditure) VALUES (150,150,2.0,70.0,7.9,55.2,22.1);
INSERT INTO HealthExpenditure(HealthExpenditureID,HealthSystemID,PercentOfGDP,PercentOfPublicFunded,PercentOutOfPocketCosts,PerCapita,ExternalHealthExpenditure) VALUES (151,151,8.0,51.6,37.9,327.2,0.0);
INSERT INTO HealthExpenditure(HealthExpenditureID,HealthSystemID,PercentOfGDP,PercentOfPublicFunded,PercentOutOfPocketCosts,PerCapita,ExternalHealthExpenditure) VALUES (152,152,5.1,64.1,28.3,316.4,0.3);
INSERT INTO HealthExpenditure(HealthExpenditureID,HealthSystemID,PercentOfGDP,PercentOfPublicFunded,PercentOutOfPocketCosts,PerCapita,ExternalHealthExpenditure) VALUES (153,153,4.4,31.5,53.9,129.4,2.2);
INSERT INTO HealthExpenditure(HealthExpenditureID,HealthSystemID,PercentOfGDP,PercentOfPublicFunded,PercentOutOfPocketCosts,PerCapita,ExternalHealthExpenditure) VALUES (154,154,6.5,69.7,22.9,809.0,0.2);
INSERT INTO HealthExpenditure(HealthExpenditureID,HealthSystemID,PercentOfGDP,PercentOfPublicFunded,PercentOutOfPocketCosts,PerCapita,ExternalHealthExpenditure) VALUES (155,155,9.1,66.4,27.8,NULL,NULL);
INSERT INTO HealthExpenditure(HealthExpenditureID,HealthSystemID,PercentOfGDP,PercentOfPublicFunded,PercentOutOfPocketCosts,PerCapita,ExternalHealthExpenditure) VALUES (156,156,NULL,NULL,NULL,NULL,NULL);
INSERT INTO HealthExpenditure(HealthExpenditureID,HealthSystemID,PercentOfGDP,PercentOfPublicFunded,PercentOutOfPocketCosts,PerCapita,ExternalHealthExpenditure) VALUES (157,157,3.1,81.6,8.6,NULL,0.0);
INSERT INTO HealthExpenditure(HealthExpenditureID,HealthSystemID,PercentOfGDP,PercentOfPublicFunded,PercentOutOfPocketCosts,PerCapita,ExternalHealthExpenditure) VALUES (158,158,5.0,78.2,20.7,476.4,0.0);
INSERT INTO HealthExpenditure(HealthExpenditureID,HealthSystemID,PercentOfGDP,PercentOfPublicFunded,PercentOutOfPocketCosts,PerCapita,ExternalHealthExpenditure) VALUES (159,159,5.3,57.0,40.5,469.1,NULL);
INSERT INTO HealthExpenditure(HealthExpenditureID,HealthSystemID,PercentOfGDP,PercentOfPublicFunded,PercentOutOfPocketCosts,PerCapita,ExternalHealthExpenditure) VALUES (160,160,6.8,33.9,6.4,48.1,50.6);
INSERT INTO HealthExpenditure(HealthExpenditureID,HealthSystemID,PercentOfGDP,PercentOfPublicFunded,PercentOutOfPocketCosts,PerCapita,ExternalHealthExpenditure) VALUES (161,161,5.5,76.4,11.9,227.1,10.8);
INSERT INTO HealthExpenditure(HealthExpenditureID,HealthSystemID,PercentOfGDP,PercentOfPublicFunded,PercentOutOfPocketCosts,PerCapita,ExternalHealthExpenditure) VALUES (162,162,6.4,80.4,18.8,NULL,NULL);
INSERT INTO HealthExpenditure(HealthExpenditureID,HealthSystemID,PercentOfGDP,PercentOfPublicFunded,PercentOutOfPocketCosts,PerCapita,ExternalHealthExpenditure) VALUES (163,163,6.0,39.9,14.4,105.1,44.6);
INSERT INTO HealthExpenditure(HealthExpenditureID,HealthSystemID,PercentOfGDP,PercentOfPublicFunded,PercentOutOfPocketCosts,PerCapita,ExternalHealthExpenditure) VALUES (164,164,5.7,67.8,14.3,NULL,0.0);
INSERT INTO HealthExpenditure(HealthExpenditureID,HealthSystemID,PercentOfGDP,PercentOfPublicFunded,PercentOutOfPocketCosts,PerCapita,ExternalHealthExpenditure) VALUES (165,165,5.5,34.6,51.8,52.6,6.2);
INSERT INTO HealthExpenditure(HealthExpenditureID,HealthSystemID,PercentOfGDP,PercentOfPublicFunded,PercentOutOfPocketCosts,PerCapita,ExternalHealthExpenditure) VALUES (166,166,9.1,58.0,40.5,494.4,0.1);
INSERT INTO HealthExpenditure(HealthExpenditureID,HealthSystemID,PercentOfGDP,PercentOfPublicFunded,PercentOutOfPocketCosts,PerCapita,ExternalHealthExpenditure) VALUES (167,167,3.9,96.0,2.1,596.9,1.9);
INSERT INTO HealthExpenditure(HealthExpenditureID,HealthSystemID,PercentOfGDP,PercentOfPublicFunded,PercentOutOfPocketCosts,PerCapita,ExternalHealthExpenditure) VALUES (168,168,16.5,11.2,41.6,86.3,41.0);
INSERT INTO HealthExpenditure(HealthExpenditureID,HealthSystemID,PercentOfGDP,PercentOfPublicFunded,PercentOutOfPocketCosts,PerCapita,ExternalHealthExpenditure) VALUES (169,169,4.5,54.5,31.2,NULL,0.0);
INSERT INTO HealthExpenditure(HealthExpenditureID,HealthSystemID,PercentOfGDP,PercentOfPublicFunded,PercentOutOfPocketCosts,PerCapita,ExternalHealthExpenditure) VALUES (170,170,NULL,NULL,NULL,NULL,NULL);
INSERT INTO HealthExpenditure(HealthExpenditureID,HealthSystemID,PercentOfGDP,PercentOfPublicFunded,PercentOutOfPocketCosts,PerCapita,ExternalHealthExpenditure) VALUES (171,171,7.1,79.8,17.8,NULL,0.0);
INSERT INTO HealthExpenditure(HealthExpenditureID,HealthSystemID,PercentOfGDP,PercentOfPublicFunded,PercentOutOfPocketCosts,PerCapita,ExternalHealthExpenditure) VALUES (172,172,8.5,72.3,12.0,NULL,NULL);
INSERT INTO HealthExpenditure(HealthExpenditureID,HealthSystemID,PercentOfGDP,PercentOfPublicFunded,PercentOutOfPocketCosts,PerCapita,ExternalHealthExpenditure) VALUES (173,173,5.2,69.2,4.6,106.3,26.2);
INSERT INTO HealthExpenditure(HealthExpenditureID,HealthSystemID,PercentOfGDP,PercentOfPublicFunded,PercentOutOfPocketCosts,PerCapita,ExternalHealthExpenditure) VALUES (174,174,NULL,NULL,NULL,NULL,NULL);
INSERT INTO HealthExpenditure(HealthExpenditureID,HealthSystemID,PercentOfGDP,PercentOfPublicFunded,PercentOutOfPocketCosts,PerCapita,ExternalHealthExpenditure) VALUES (175,175,8.1,53.7,7.8,428.2,1.9);
INSERT INTO HealthExpenditure(HealthExpenditureID,HealthSystemID,PercentOfGDP,PercentOfPublicFunded,PercentOutOfPocketCosts,PerCapita,ExternalHealthExpenditure) VALUES (176,176,NULL,NULL,NULL,NULL,NULL);
INSERT INTO HealthExpenditure(HealthExpenditureID,HealthSystemID,PercentOfGDP,PercentOfPublicFunded,PercentOutOfPocketCosts,PerCapita,ExternalHealthExpenditure) VALUES (177,177,9.0,71.2,23.8,NULL,NULL);
INSERT INTO HealthExpenditure(HealthExpenditureID,HealthSystemID,PercentOfGDP,PercentOfPublicFunded,PercentOutOfPocketCosts,PerCapita,ExternalHealthExpenditure) VALUES (178,178,3.9,43.1,50.1,153.1,1.1);
INSERT INTO HealthExpenditure(HealthExpenditureID,HealthSystemID,PercentOfGDP,PercentOfPublicFunded,PercentOutOfPocketCosts,PerCapita,ExternalHealthExpenditure) VALUES (179,179,5.7,43.2,51.5,930.8,0.0);
INSERT INTO HealthExpenditure(HealthExpenditureID,HealthSystemID,PercentOfGDP,PercentOfPublicFunded,PercentOutOfPocketCosts,PerCapita,ExternalHealthExpenditure) VALUES (180,180,5.3,42.0,48.7,489.8,3.7);
INSERT INTO HealthExpenditure(HealthExpenditureID,HealthSystemID,PercentOfGDP,PercentOfPublicFunded,PercentOutOfPocketCosts,PerCapita,ExternalHealthExpenditure) VALUES (181,181,NULL,NULL,NULL,NULL,NULL);
INSERT INTO HealthExpenditure(HealthExpenditureID,HealthSystemID,PercentOfGDP,PercentOfPublicFunded,PercentOutOfPocketCosts,PerCapita,ExternalHealthExpenditure) VALUES (182,182,3.6,76.8,20.5,250.2,0.6);
INSERT INTO HealthExpenditure(HealthExpenditureID,HealthSystemID,PercentOfGDP,PercentOfPublicFunded,PercentOutOfPocketCosts,PerCapita,ExternalHealthExpenditure) VALUES (183,183,5.7,19.5,73.9,152.0,2.2);
INSERT INTO HealthExpenditure(HealthExpenditureID,HealthSystemID,PercentOfGDP,PercentOfPublicFunded,PercentOutOfPocketCosts,PerCapita,ExternalHealthExpenditure) VALUES (184,184,6.1,69.4,21.8,356.1,1.4);
INSERT INTO HealthExpenditure(HealthExpenditureID,HealthSystemID,PercentOfGDP,PercentOfPublicFunded,PercentOutOfPocketCosts,PerCapita,ExternalHealthExpenditure) VALUES (185,185,10.9,83.5,15.2,NULL,NULL);
INSERT INTO HealthExpenditure(HealthExpenditureID,HealthSystemID,PercentOfGDP,PercentOfPublicFunded,PercentOutOfPocketCosts,PerCapita,ExternalHealthExpenditure) VALUES (186,186,12.2,62.8,29.6,NULL,NULL);
INSERT INTO HealthExpenditure(HealthExpenditureID,HealthSystemID,PercentOfGDP,PercentOfPublicFunded,PercentOutOfPocketCosts,PerCapita,ExternalHealthExpenditure) VALUES (187,187,NULL,NULL,NULL,NULL,NULL);
INSERT INTO HealthExpenditure(HealthExpenditureID,HealthSystemID,PercentOfGDP,PercentOfPublicFunded,PercentOutOfPocketCosts,PerCapita,ExternalHealthExpenditure) VALUES (188,188,7.0,28.6,66.1,55.7,5.1);
INSERT INTO HealthExpenditure(HealthExpenditureID,HealthSystemID,PercentOfGDP,PercentOfPublicFunded,PercentOutOfPocketCosts,PerCapita,ExternalHealthExpenditure) VALUES (189,189,4.1,40.6,21.9,35.5,36.4);
INSERT INTO HealthExpenditure(HealthExpenditureID,HealthSystemID,PercentOfGDP,PercentOfPublicFunded,PercentOutOfPocketCosts,PerCapita,ExternalHealthExpenditure) VALUES (190,190,3.7,78.1,12.1,221.9,0.2);
INSERT INTO HealthExpenditure(HealthExpenditureID,HealthSystemID,PercentOfGDP,PercentOfPublicFunded,PercentOutOfPocketCosts,PerCapita,ExternalHealthExpenditure) VALUES (191,191,4.0,55.8,8.9,79.9,31.6);
INSERT INTO HealthExpenditure(HealthExpenditureID,HealthSystemID,PercentOfGDP,PercentOfPublicFunded,PercentOutOfPocketCosts,PerCapita,ExternalHealthExpenditure) VALUES (192,192,6.6,20.0,50.4,38.8,20.7);
INSERT INTO HealthExpenditure(HealthExpenditureID,HealthSystemID,PercentOfGDP,PercentOfPublicFunded,PercentOutOfPocketCosts,PerCapita,ExternalHealthExpenditure) VALUES (193,193,5.3,65.9,11.0,203.2,19.4);
INSERT INTO HealthExpenditure(HealthExpenditureID,HealthSystemID,PercentOfGDP,PercentOfPublicFunded,PercentOutOfPocketCosts,PerCapita,ExternalHealthExpenditure) VALUES (194,194,6.5,52.8,40.1,NULL,0.1);
INSERT INTO HealthExpenditure(HealthExpenditureID,HealthSystemID,PercentOfGDP,PercentOfPublicFunded,PercentOutOfPocketCosts,PerCapita,ExternalHealthExpenditure) VALUES (195,195,7.0,56.6,39.9,256.5,0.1);
INSERT INTO HealthExpenditure(HealthExpenditureID,HealthSystemID,PercentOfGDP,PercentOfPublicFunded,PercentOutOfPocketCosts,PerCapita,ExternalHealthExpenditure) VALUES (196,196,4.3,78.4,16.5,468.6,NULL);
INSERT INTO HealthExpenditure(HealthExpenditureID,HealthSystemID,PercentOfGDP,PercentOfPublicFunded,PercentOutOfPocketCosts,PerCapita,ExternalHealthExpenditure) VALUES (197,197,6.6,18.5,76.2,422.8,0.2);
INSERT INTO HealthExpenditure(HealthExpenditureID,HealthSystemID,PercentOfGDP,PercentOfPublicFunded,PercentOutOfPocketCosts,PerCapita,ExternalHealthExpenditure) VALUES (198,198,NULL,NULL,NULL,NULL,NULL);
INSERT INTO HealthExpenditure(HealthExpenditureID,HealthSystemID,PercentOfGDP,PercentOfPublicFunded,PercentOutOfPocketCosts,PerCapita,ExternalHealthExpenditure) VALUES (199,199,15.5,84.5,0.7,507.4,12.2);
INSERT INTO HealthExpenditure(HealthExpenditureID,HealthSystemID,PercentOfGDP,PercentOfPublicFunded,PercentOutOfPocketCosts,PerCapita,ExternalHealthExpenditure) VALUES (200,200,6.2,16.6,40.3,37.6,40.4);
INSERT INTO HealthExpenditure(HealthExpenditureID,HealthSystemID,PercentOfGDP,PercentOfPublicFunded,PercentOutOfPocketCosts,PerCapita,ExternalHealthExpenditure) VALUES (201,201,6.7,42.4,54.3,141.2,0.8);
INSERT INTO HealthExpenditure(HealthExpenditureID,HealthSystemID,PercentOfGDP,PercentOfPublicFunded,PercentOutOfPocketCosts,PerCapita,ExternalHealthExpenditure) VALUES (202,202,3.5,72.5,18.6,NULL,0.0);
INSERT INTO HealthExpenditure(HealthExpenditureID,HealthSystemID,PercentOfGDP,PercentOfPublicFunded,PercentOutOfPocketCosts,PerCapita,ExternalHealthExpenditure) VALUES (203,203,9.8,80.2,15.1,NULL,0.0);
INSERT INTO HealthExpenditure(HealthExpenditureID,HealthSystemID,PercentOfGDP,PercentOfPublicFunded,PercentOutOfPocketCosts,PerCapita,ExternalHealthExpenditure) VALUES (204,204,17.1,81.8,11.1,NULL,0.0);
INSERT INTO HealthExpenditure(HealthExpenditureID,HealthSystemID,PercentOfGDP,PercentOfPublicFunded,PercentOutOfPocketCosts,PerCapita,ExternalHealthExpenditure) VALUES (205,205,9.1,71.7,17.4,NULL,0.0);
INSERT INTO HealthExpenditure(HealthExpenditureID,HealthSystemID,PercentOfGDP,PercentOfPublicFunded,PercentOutOfPocketCosts,PerCapita,ExternalHealthExpenditure) VALUES (206,206,6.3,46.1,52.2,135.1,1.2);
INSERT INTO HealthExpenditure(HealthExpenditureID,HealthSystemID,PercentOfGDP,PercentOfPublicFunded,PercentOutOfPocketCosts,PerCapita,ExternalHealthExpenditure) VALUES (207,207,3.7,53.9,8.4,109.8,34.6);
INSERT INTO HealthExpenditure(HealthExpenditureID,HealthSystemID,PercentOfGDP,PercentOfPublicFunded,PercentOutOfPocketCosts,PerCapita,ExternalHealthExpenditure) VALUES (208,208,3.2,24.1,40.0,NULL,0.0);
INSERT INTO HealthExpenditure(HealthExpenditureID,HealthSystemID,PercentOfGDP,PercentOfPublicFunded,PercentOutOfPocketCosts,PerCapita,ExternalHealthExpenditure) VALUES (209,209,5.7,47.4,44.6,122.8,2.3);
INSERT INTO HealthExpenditure(HealthExpenditureID,HealthSystemID,PercentOfGDP,PercentOfPublicFunded,PercentOutOfPocketCosts,PerCapita,ExternalHealthExpenditure) VALUES (210,210,NULL,NULL,NULL,NULL,NULL);
INSERT INTO HealthExpenditure(HealthExpenditureID,HealthSystemID,PercentOfGDP,PercentOfPublicFunded,PercentOutOfPocketCosts,PerCapita,ExternalHealthExpenditure) VALUES (211,211,NULL,NULL,NULL,NULL,NULL);
INSERT INTO HealthExpenditure(HealthExpenditureID,HealthSystemID,PercentOfGDP,PercentOfPublicFunded,PercentOutOfPocketCosts,PerCapita,ExternalHealthExpenditure) VALUES (212,212,5.6,10.2,81.0,72.0,7.8);
INSERT INTO HealthExpenditure(HealthExpenditureID,HealthSystemID,PercentOfGDP,PercentOfPublicFunded,PercentOutOfPocketCosts,PerCapita,ExternalHealthExpenditure) VALUES (213,213,4.5,38.3,12.1,56.5,42.5);
INSERT INTO HealthExpenditure(HealthExpenditureID,HealthSystemID,PercentOfGDP,PercentOfPublicFunded,PercentOutOfPocketCosts,PerCapita,ExternalHealthExpenditure) VALUES (214,214,9.4,46.5,21.2,93.9,25.4);


INSERT INTO HealthRiskFactors(HealthRiskFactorID,CountryID,HealthSystemID,MaleTobaccoUse,FemaleTobaccoUse,IncidenceOfTuberculosis,PrevalenceOfDiabetes) VALUES (1,1,1,NULL,NULL,189.0,9.2);
INSERT INTO HealthRiskFactors(HealthRiskFactorID,CountryID,HealthSystemID,MaleTobaccoUse,FemaleTobaccoUse,IncidenceOfTuberculosis,PrevalenceOfDiabetes) VALUES (2,2,2,51.0,7.0,18.0,9.0);
INSERT INTO HealthRiskFactors(HealthRiskFactorID,CountryID,HealthSystemID,MaleTobaccoUse,FemaleTobaccoUse,IncidenceOfTuberculosis,PrevalenceOfDiabetes) VALUES (3,3,3,30.0,1.0,69.0,6.7);
INSERT INTO HealthRiskFactors(HealthRiskFactorID,CountryID,HealthSystemID,MaleTobaccoUse,FemaleTobaccoUse,IncidenceOfTuberculosis,PrevalenceOfDiabetes) VALUES (4,4,4,NULL,NULL,0.0,NULL);
INSERT INTO HealthRiskFactors(HealthRiskFactorID,CountryID,HealthSystemID,MaleTobaccoUse,FemaleTobaccoUse,IncidenceOfTuberculosis,PrevalenceOfDiabetes) VALUES (5,5,5,38.0,29.0,3.0,7.7);
INSERT INTO HealthRiskFactors(HealthRiskFactorID,CountryID,HealthSystemID,MaleTobaccoUse,FemaleTobaccoUse,IncidenceOfTuberculosis,PrevalenceOfDiabetes) VALUES (6,6,6,NULL,NULL,355.0,4.5);
INSERT INTO HealthRiskFactors(HealthRiskFactorID,CountryID,HealthSystemID,MaleTobaccoUse,FemaleTobaccoUse,IncidenceOfTuberculosis,PrevalenceOfDiabetes) VALUES (7,7,7,NULL,NULL,6.0,13.1);
INSERT INTO HealthRiskFactors(HealthRiskFactorID,CountryID,HealthSystemID,MaleTobaccoUse,FemaleTobaccoUse,IncidenceOfTuberculosis,PrevalenceOfDiabetes) VALUES (8,8,8,28.0,16.0,27.0,5.9);
INSERT INTO HealthRiskFactors(HealthRiskFactorID,CountryID,HealthSystemID,MaleTobaccoUse,FemaleTobaccoUse,IncidenceOfTuberculosis,PrevalenceOfDiabetes) VALUES (9,9,9,52.0,2.0,31.0,6.1);
INSERT INTO HealthRiskFactors(HealthRiskFactorID,CountryID,HealthSystemID,MaleTobaccoUse,FemaleTobaccoUse,IncidenceOfTuberculosis,PrevalenceOfDiabetes) VALUES (10,10,10,NULL,NULL,5.0,11.6);
INSERT INTO HealthRiskFactors(HealthRiskFactorID,CountryID,HealthSystemID,MaleTobaccoUse,FemaleTobaccoUse,IncidenceOfTuberculosis,PrevalenceOfDiabetes) VALUES (11,11,11,17.0,13.0,7.0,5.6);
INSERT INTO HealthRiskFactors(HealthRiskFactorID,CountryID,HealthSystemID,MaleTobaccoUse,FemaleTobaccoUse,IncidenceOfTuberculosis,PrevalenceOfDiabetes) VALUES (12,12,12,31.0,28.0,7.0,6.6);
INSERT INTO HealthRiskFactors(HealthRiskFactorID,CountryID,HealthSystemID,MaleTobaccoUse,FemaleTobaccoUse,IncidenceOfTuberculosis,PrevalenceOfDiabetes) VALUES (13,13,13,43.0,0.0,63.0,6.1);
INSERT INTO HealthRiskFactors(HealthRiskFactorID,CountryID,HealthSystemID,MaleTobaccoUse,FemaleTobaccoUse,IncidenceOfTuberculosis,PrevalenceOfDiabetes) VALUES (14,14,14,20.0,3.0,14.0,8.8);
INSERT INTO HealthRiskFactors(HealthRiskFactorID,CountryID,HealthSystemID,MaleTobaccoUse,FemaleTobaccoUse,IncidenceOfTuberculosis,PrevalenceOfDiabetes) VALUES (15,15,15,38.0,6.0,11.0,15.6);
INSERT INTO HealthRiskFactors(HealthRiskFactorID,CountryID,HealthSystemID,MaleTobaccoUse,FemaleTobaccoUse,IncidenceOfTuberculosis,PrevalenceOfDiabetes) VALUES (16,16,16,45.0,1.0,221.0,9.2);
INSERT INTO HealthRiskFactors(HealthRiskFactorID,CountryID,HealthSystemID,MaleTobaccoUse,FemaleTobaccoUse,IncidenceOfTuberculosis,PrevalenceOfDiabetes) VALUES (17,17,17,15.0,2.0,0.0,13.4);
INSERT INTO HealthRiskFactors(HealthRiskFactorID,CountryID,HealthSystemID,MaleTobaccoUse,FemaleTobaccoUse,IncidenceOfTuberculosis,PrevalenceOfDiabetes) VALUES (18,18,18,46.0,11.0,31.0,5.0);
INSERT INTO HealthRiskFactors(HealthRiskFactorID,CountryID,HealthSystemID,MaleTobaccoUse,FemaleTobaccoUse,IncidenceOfTuberculosis,PrevalenceOfDiabetes) VALUES (19,19,19,31.0,25.0,9.0,4.6);
INSERT INTO HealthRiskFactors(HealthRiskFactorID,CountryID,HealthSystemID,MaleTobaccoUse,FemaleTobaccoUse,IncidenceOfTuberculosis,PrevalenceOfDiabetes) VALUES (20,20,20,NULL,NULL,30.0,17.1);
INSERT INTO HealthRiskFactors(HealthRiskFactorID,CountryID,HealthSystemID,MaleTobaccoUse,FemaleTobaccoUse,IncidenceOfTuberculosis,PrevalenceOfDiabetes) VALUES (21,21,21,12.0,1.0,56.0,1.0);
INSERT INTO HealthRiskFactors(HealthRiskFactorID,CountryID,HealthSystemID,MaleTobaccoUse,FemaleTobaccoUse,IncidenceOfTuberculosis,PrevalenceOfDiabetes) VALUES (22,22,22,NULL,NULL,4.0,6.7);
INSERT INTO HealthRiskFactors(HealthRiskFactorID,CountryID,HealthSystemID,MaleTobaccoUse,FemaleTobaccoUse,IncidenceOfTuberculosis,PrevalenceOfDiabetes) VALUES (23,23,23,NULL,NULL,149.0,10.3);
INSERT INTO HealthRiskFactors(HealthRiskFactorID,CountryID,HealthSystemID,MaleTobaccoUse,FemaleTobaccoUse,IncidenceOfTuberculosis,PrevalenceOfDiabetes) VALUES (24,24,24,NULL,NULL,108.0,6.8);
INSERT INTO HealthRiskFactors(HealthRiskFactorID,CountryID,HealthSystemID,MaleTobaccoUse,FemaleTobaccoUse,IncidenceOfTuberculosis,PrevalenceOfDiabetes) VALUES (25,25,25,48.0,30.0,25.0,9.0);
INSERT INTO HealthRiskFactors(HealthRiskFactorID,CountryID,HealthSystemID,MaleTobaccoUse,FemaleTobaccoUse,IncidenceOfTuberculosis,PrevalenceOfDiabetes) VALUES (26,26,26,34.0,6.0,275.0,5.8);
INSERT INTO HealthRiskFactors(HealthRiskFactorID,CountryID,HealthSystemID,MaleTobaccoUse,FemaleTobaccoUse,IncidenceOfTuberculosis,PrevalenceOfDiabetes) VALUES (27,27,27,18.0,10.0,45.0,10.4);
INSERT INTO HealthRiskFactors(HealthRiskFactorID,CountryID,HealthSystemID,MaleTobaccoUse,FemaleTobaccoUse,IncidenceOfTuberculosis,PrevalenceOfDiabetes) VALUES (28,28,28,31.0,2.0,68.0,13.3);
INSERT INTO HealthRiskFactors(HealthRiskFactorID,CountryID,HealthSystemID,MaleTobaccoUse,FemaleTobaccoUse,IncidenceOfTuberculosis,PrevalenceOfDiabetes) VALUES (29,29,29,44.0,30.0,22.0,6.0);
INSERT INTO HealthRiskFactors(HealthRiskFactorID,CountryID,HealthSystemID,MaleTobaccoUse,FemaleTobaccoUse,IncidenceOfTuberculosis,PrevalenceOfDiabetes) VALUES (30,30,30,24.0,2.0,48.0,7.3);
INSERT INTO HealthRiskFactors(HealthRiskFactorID,CountryID,HealthSystemID,MaleTobaccoUse,FemaleTobaccoUse,IncidenceOfTuberculosis,PrevalenceOfDiabetes) VALUES (31,31,31,NULL,NULL,111.0,5.1);
INSERT INTO HealthRiskFactors(HealthRiskFactorID,CountryID,HealthSystemID,MaleTobaccoUse,FemaleTobaccoUse,IncidenceOfTuberculosis,PrevalenceOfDiabetes) VALUES (32,32,32,17.0,2.0,46.0,2.4);
INSERT INTO HealthRiskFactors(HealthRiskFactorID,CountryID,HealthSystemID,MaleTobaccoUse,FemaleTobaccoUse,IncidenceOfTuberculosis,PrevalenceOfDiabetes) VALUES (33,33,33,34.0,2.0,302.0,6.4);
INSERT INTO HealthRiskFactors(HealthRiskFactorID,CountryID,HealthSystemID,MaleTobaccoUse,FemaleTobaccoUse,IncidenceOfTuberculosis,PrevalenceOfDiabetes) VALUES (34,34,34,NULL,NULL,186.0,6.0);
INSERT INTO HealthRiskFactors(HealthRiskFactorID,CountryID,HealthSystemID,MaleTobaccoUse,FemaleTobaccoUse,IncidenceOfTuberculosis,PrevalenceOfDiabetes) VALUES (35,35,35,17.0,12.0,6.0,7.6);
INSERT INTO HealthRiskFactors(HealthRiskFactorID,CountryID,HealthSystemID,MaleTobaccoUse,FemaleTobaccoUse,IncidenceOfTuberculosis,PrevalenceOfDiabetes) VALUES (36,36,36,NULL,NULL,5.0,6.8);
INSERT INTO HealthRiskFactors(HealthRiskFactorID,CountryID,HealthSystemID,MaleTobaccoUse,FemaleTobaccoUse,IncidenceOfTuberculosis,PrevalenceOfDiabetes) VALUES (37,37,37,NULL,NULL,540.0,6.0);
INSERT INTO HealthRiskFactors(HealthRiskFactorID,CountryID,HealthSystemID,MaleTobaccoUse,FemaleTobaccoUse,IncidenceOfTuberculosis,PrevalenceOfDiabetes) VALUES (38,38,38,NULL,NULL,142.0,6.0);
INSERT INTO HealthRiskFactors(HealthRiskFactorID,CountryID,HealthSystemID,MaleTobaccoUse,FemaleTobaccoUse,IncidenceOfTuberculosis,PrevalenceOfDiabetes) VALUES (39,39,39,NULL,NULL,NULL,3.9);
INSERT INTO HealthRiskFactors(HealthRiskFactorID,CountryID,HealthSystemID,MaleTobaccoUse,FemaleTobaccoUse,IncidenceOfTuberculosis,PrevalenceOfDiabetes) VALUES (40,40,40,42.0,34.0,18.0,8.6);
INSERT INTO HealthRiskFactors(HealthRiskFactorID,CountryID,HealthSystemID,MaleTobaccoUse,FemaleTobaccoUse,IncidenceOfTuberculosis,PrevalenceOfDiabetes) VALUES (41,41,41,48.0,2.0,61.0,9.2);
INSERT INTO HealthRiskFactors(HealthRiskFactorID,CountryID,HealthSystemID,MaleTobaccoUse,FemaleTobaccoUse,IncidenceOfTuberculosis,PrevalenceOfDiabetes) VALUES (42,42,42,NULL,NULL,67.0,4.5);
INSERT INTO HealthRiskFactors(HealthRiskFactorID,CountryID,HealthSystemID,MaleTobaccoUse,FemaleTobaccoUse,IncidenceOfTuberculosis,PrevalenceOfDiabetes) VALUES (43,43,43,NULL,NULL,60.0,4.3);
INSERT INTO HealthRiskFactors(HealthRiskFactorID,CountryID,HealthSystemID,MaleTobaccoUse,FemaleTobaccoUse,IncidenceOfTuberculosis,PrevalenceOfDiabetes) VALUES (44,44,44,14.0,5.0,33.0,7.4);
INSERT INTO HealthRiskFactors(HealthRiskFactorID,CountryID,HealthSystemID,MaleTobaccoUse,FemaleTobaccoUse,IncidenceOfTuberculosis,PrevalenceOfDiabetes) VALUES (45,45,45,24.0,4.0,35.0,12.3);
INSERT INTO HealthRiskFactors(HealthRiskFactorID,CountryID,HealthSystemID,MaleTobaccoUse,FemaleTobaccoUse,IncidenceOfTuberculosis,PrevalenceOfDiabetes) VALUES (46,46,46,NULL,NULL,321.0,6.0);
INSERT INTO HealthRiskFactors(HealthRiskFactorID,CountryID,HealthSystemID,MaleTobaccoUse,FemaleTobaccoUse,IncidenceOfTuberculosis,PrevalenceOfDiabetes) VALUES (47,47,47,52.0,2.0,375.0,6.0);
INSERT INTO HealthRiskFactors(HealthRiskFactorID,CountryID,HealthSystemID,MaleTobaccoUse,FemaleTobaccoUse,IncidenceOfTuberculosis,PrevalenceOfDiabetes) VALUES (48,48,48,17.0,6.0,10.0,9.1);
INSERT INTO HealthRiskFactors(HealthRiskFactorID,CountryID,HealthSystemID,MaleTobaccoUse,FemaleTobaccoUse,IncidenceOfTuberculosis,PrevalenceOfDiabetes) VALUES (49,49,49,NULL,NULL,142.0,2.4);
INSERT INTO HealthRiskFactors(HealthRiskFactorID,CountryID,HealthSystemID,MaleTobaccoUse,FemaleTobaccoUse,IncidenceOfTuberculosis,PrevalenceOfDiabetes) VALUES (50,50,50,40.0,34.0,8.0,5.4);
INSERT INTO HealthRiskFactors(HealthRiskFactorID,CountryID,HealthSystemID,MaleTobaccoUse,FemaleTobaccoUse,IncidenceOfTuberculosis,PrevalenceOfDiabetes) VALUES (51,51,51,53.0,17.0,7.0,9.6);
INSERT INTO HealthRiskFactors(HealthRiskFactorID,CountryID,HealthSystemID,MaleTobaccoUse,FemaleTobaccoUse,IncidenceOfTuberculosis,PrevalenceOfDiabetes) VALUES (52,52,52,NULL,NULL,6.0,11.6);
INSERT INTO HealthRiskFactors(HealthRiskFactorID,CountryID,HealthSystemID,MaleTobaccoUse,FemaleTobaccoUse,IncidenceOfTuberculosis,PrevalenceOfDiabetes) VALUES (53,53,53,53.0,20.0,5.0,9.0);
INSERT INTO HealthRiskFactors(HealthRiskFactorID,CountryID,HealthSystemID,MaleTobaccoUse,FemaleTobaccoUse,IncidenceOfTuberculosis,PrevalenceOfDiabetes) VALUES (54,54,54,38.0,31.0,5.0,7.0);
INSERT INTO HealthRiskFactors(HealthRiskFactorID,CountryID,HealthSystemID,MaleTobaccoUse,FemaleTobaccoUse,IncidenceOfTuberculosis,PrevalenceOfDiabetes) VALUES (55,55,55,19.0,19.0,5.0,8.3);
INSERT INTO HealthRiskFactors(HealthRiskFactorID,CountryID,HealthSystemID,MaleTobaccoUse,FemaleTobaccoUse,IncidenceOfTuberculosis,PrevalenceOfDiabetes) VALUES (56,56,56,25.0,2.0,260.0,5.1);
INSERT INTO HealthRiskFactors(HealthRiskFactorID,CountryID,HealthSystemID,MaleTobaccoUse,FemaleTobaccoUse,IncidenceOfTuberculosis,PrevalenceOfDiabetes) VALUES (57,57,57,NULL,NULL,6.0,11.6);
INSERT INTO HealthRiskFactors(HealthRiskFactorID,CountryID,HealthSystemID,MaleTobaccoUse,FemaleTobaccoUse,IncidenceOfTuberculosis,PrevalenceOfDiabetes) VALUES (58,58,58,19.0,9.0,45.0,8.6);
INSERT INTO HealthRiskFactors(HealthRiskFactorID,CountryID,HealthSystemID,MaleTobaccoUse,FemaleTobaccoUse,IncidenceOfTuberculosis,PrevalenceOfDiabetes) VALUES (59,59,59,12.0,2.0,44.0,5.5);
INSERT INTO HealthRiskFactors(HealthRiskFactorID,CountryID,HealthSystemID,MaleTobaccoUse,FemaleTobaccoUse,IncidenceOfTuberculosis,PrevalenceOfDiabetes) VALUES (60,60,60,50.0,0.0,12.0,17.2);
INSERT INTO HealthRiskFactors(HealthRiskFactorID,CountryID,HealthSystemID,MaleTobaccoUse,FemaleTobaccoUse,IncidenceOfTuberculosis,PrevalenceOfDiabetes) VALUES (61,61,61,19.0,3.0,70.0,8.8);
INSERT INTO HealthRiskFactors(HealthRiskFactorID,CountryID,HealthSystemID,MaleTobaccoUse,FemaleTobaccoUse,IncidenceOfTuberculosis,PrevalenceOfDiabetes) VALUES (62,62,62,NULL,NULL,201.0,6.0);
INSERT INTO HealthRiskFactors(HealthRiskFactorID,CountryID,HealthSystemID,MaleTobaccoUse,FemaleTobaccoUse,IncidenceOfTuberculosis,PrevalenceOfDiabetes) VALUES (63,63,63,11.0,0.0,89.0,5.1);
INSERT INTO HealthRiskFactors(HealthRiskFactorID,CountryID,HealthSystemID,MaleTobaccoUse,FemaleTobaccoUse,IncidenceOfTuberculosis,PrevalenceOfDiabetes) VALUES (64,64,64,39.0,25.0,13.0,4.2);
INSERT INTO HealthRiskFactors(HealthRiskFactorID,CountryID,HealthSystemID,MaleTobaccoUse,FemaleTobaccoUse,IncidenceOfTuberculosis,PrevalenceOfDiabetes) VALUES (65,184,65,17.0,2.0,329.0,4.5);
INSERT INTO HealthRiskFactors(HealthRiskFactorID,CountryID,HealthSystemID,MaleTobaccoUse,FemaleTobaccoUse,IncidenceOfTuberculosis,PrevalenceOfDiabetes) VALUES (66,65,66,9.0,0.0,151.0,4.3);
INSERT INTO HealthRiskFactors(HealthRiskFactorID,CountryID,HealthSystemID,MaleTobaccoUse,FemaleTobaccoUse,IncidenceOfTuberculosis,PrevalenceOfDiabetes) VALUES (67,66,67,NULL,NULL,NULL,4.7);
INSERT INTO HealthRiskFactors(HealthRiskFactorID,CountryID,HealthSystemID,MaleTobaccoUse,FemaleTobaccoUse,IncidenceOfTuberculosis,PrevalenceOfDiabetes) VALUES (68,67,68,35.0,10.0,54.0,14.7);
INSERT INTO HealthRiskFactors(HealthRiskFactorID,CountryID,HealthSystemID,MaleTobaccoUse,FemaleTobaccoUse,IncidenceOfTuberculosis,PrevalenceOfDiabetes) VALUES (69,68,69,23.0,18.0,5.0,5.6);
INSERT INTO HealthRiskFactors(HealthRiskFactorID,CountryID,HealthSystemID,MaleTobaccoUse,FemaleTobaccoUse,IncidenceOfTuberculosis,PrevalenceOfDiabetes) VALUES (70,69,70,36.0,30.0,9.0,4.8);
INSERT INTO HealthRiskFactors(HealthRiskFactorID,CountryID,HealthSystemID,MaleTobaccoUse,FemaleTobaccoUse,IncidenceOfTuberculosis,PrevalenceOfDiabetes) VALUES (71,70,71,NULL,NULL,22.0,19.5);
INSERT INTO HealthRiskFactors(HealthRiskFactorID,CountryID,HealthSystemID,MaleTobaccoUse,FemaleTobaccoUse,IncidenceOfTuberculosis,PrevalenceOfDiabetes) VALUES (72,71,72,NULL,NULL,525.0,6.0);
INSERT INTO HealthRiskFactors(HealthRiskFactorID,CountryID,HealthSystemID,MaleTobaccoUse,FemaleTobaccoUse,IncidenceOfTuberculosis,PrevalenceOfDiabetes) VALUES (73,72,73,31.0,1.0,174.0,1.9);
INSERT INTO HealthRiskFactors(HealthRiskFactorID,CountryID,HealthSystemID,MaleTobaccoUse,FemaleTobaccoUse,IncidenceOfTuberculosis,PrevalenceOfDiabetes) VALUES (74,73,74,56.0,5.0,80.0,5.8);
INSERT INTO HealthRiskFactors(HealthRiskFactorID,CountryID,HealthSystemID,MaleTobaccoUse,FemaleTobaccoUse,IncidenceOfTuberculosis,PrevalenceOfDiabetes) VALUES (75,74,75,33.0,28.0,7.0,10.4);
INSERT INTO HealthRiskFactors(HealthRiskFactorID,CountryID,HealthSystemID,MaleTobaccoUse,FemaleTobaccoUse,IncidenceOfTuberculosis,PrevalenceOfDiabetes) VALUES (76,75,76,8.0,0.0,148.0,2.5);
INSERT INTO HealthRiskFactors(HealthRiskFactorID,CountryID,HealthSystemID,MaleTobaccoUse,FemaleTobaccoUse,IncidenceOfTuberculosis,PrevalenceOfDiabetes) VALUES (77,76,77,52.0,35.0,5.0,4.7);
INSERT INTO HealthRiskFactors(HealthRiskFactorID,CountryID,HealthSystemID,MaleTobaccoUse,FemaleTobaccoUse,IncidenceOfTuberculosis,PrevalenceOfDiabetes) VALUES (78,77,78,NULL,NULL,100.0,2.1);
INSERT INTO HealthRiskFactors(HealthRiskFactorID,CountryID,HealthSystemID,MaleTobaccoUse,FemaleTobaccoUse,IncidenceOfTuberculosis,PrevalenceOfDiabetes) VALUES (79,78,79,NULL,NULL,2.0,10.7);
INSERT INTO HealthRiskFactors(HealthRiskFactorID,CountryID,HealthSystemID,MaleTobaccoUse,FemaleTobaccoUse,IncidenceOfTuberculosis,PrevalenceOfDiabetes) VALUES (80,79,80,NULL,NULL,49.0,18.7);
INSERT INTO HealthRiskFactors(HealthRiskFactorID,CountryID,HealthSystemID,MaleTobaccoUse,FemaleTobaccoUse,IncidenceOfTuberculosis,PrevalenceOfDiabetes) VALUES (81,80,81,NULL,NULL,26.0,10.0);
INSERT INTO HealthRiskFactors(HealthRiskFactorID,CountryID,HealthSystemID,MaleTobaccoUse,FemaleTobaccoUse,IncidenceOfTuberculosis,PrevalenceOfDiabetes) VALUES (82,81,82,NULL,NULL,176.0,2.4);
INSERT INTO HealthRiskFactors(HealthRiskFactorID,CountryID,HealthSystemID,MaleTobaccoUse,FemaleTobaccoUse,IncidenceOfTuberculosis,PrevalenceOfDiabetes) VALUES (83,82,83,NULL,NULL,361.0,2.4);
INSERT INTO HealthRiskFactors(HealthRiskFactorID,CountryID,HealthSystemID,MaleTobaccoUse,FemaleTobaccoUse,IncidenceOfTuberculosis,PrevalenceOfDiabetes) VALUES (84,83,84,NULL,NULL,83.0,11.6);
INSERT INTO HealthRiskFactors(HealthRiskFactorID,CountryID,HealthSystemID,MaleTobaccoUse,FemaleTobaccoUse,IncidenceOfTuberculosis,PrevalenceOfDiabetes) VALUES (85,84,85,23.0,3.0,176.0,6.7);
INSERT INTO HealthRiskFactors(HealthRiskFactorID,CountryID,HealthSystemID,MaleTobaccoUse,FemaleTobaccoUse,IncidenceOfTuberculosis,PrevalenceOfDiabetes) VALUES (86,85,86,NULL,2.0,37.0,7.3);
INSERT INTO HealthRiskFactors(HealthRiskFactorID,CountryID,HealthSystemID,MaleTobaccoUse,FemaleTobaccoUse,IncidenceOfTuberculosis,PrevalenceOfDiabetes) VALUES (87,86,87,35.0,27.0,6.0,6.9);
INSERT INTO HealthRiskFactors(HealthRiskFactorID,CountryID,HealthSystemID,MaleTobaccoUse,FemaleTobaccoUse,IncidenceOfTuberculosis,PrevalenceOfDiabetes) VALUES (88,87,88,15.0,14.0,3.0,5.8);
INSERT INTO HealthRiskFactors(HealthRiskFactorID,CountryID,HealthSystemID,MaleTobaccoUse,FemaleTobaccoUse,IncidenceOfTuberculosis,PrevalenceOfDiabetes) VALUES (89,88,89,21.0,2.0,199.0,10.4);
INSERT INTO HealthRiskFactors(HealthRiskFactorID,CountryID,HealthSystemID,MaleTobaccoUse,FemaleTobaccoUse,IncidenceOfTuberculosis,PrevalenceOfDiabetes) VALUES (90,89,90,76.0,3.0,316.0,6.3);
INSERT INTO HealthRiskFactors(HealthRiskFactorID,CountryID,HealthSystemID,MaleTobaccoUse,FemaleTobaccoUse,IncidenceOfTuberculosis,PrevalenceOfDiabetes) VALUES (91,90,91,21.0,1.0,14.0,9.6);
INSERT INTO HealthRiskFactors(HealthRiskFactorID,CountryID,HealthSystemID,MaleTobaccoUse,FemaleTobaccoUse,IncidenceOfTuberculosis,PrevalenceOfDiabetes) VALUES (92,91,92,NULL,NULL,42.0,8.8);
INSERT INTO HealthRiskFactors(HealthRiskFactorID,CountryID,HealthSystemID,MaleTobaccoUse,FemaleTobaccoUse,IncidenceOfTuberculosis,PrevalenceOfDiabetes) VALUES (93,92,93,26.0,23.0,7.0,3.2);
INSERT INTO HealthRiskFactors(HealthRiskFactorID,CountryID,HealthSystemID,MaleTobaccoUse,FemaleTobaccoUse,IncidenceOfTuberculosis,PrevalenceOfDiabetes) VALUES (94,93,94,NULL,NULL,NULL,NULL);
INSERT INTO HealthRiskFactors(HealthRiskFactorID,CountryID,HealthSystemID,MaleTobaccoUse,FemaleTobaccoUse,IncidenceOfTuberculosis,PrevalenceOfDiabetes) VALUES (95,94,95,35.0,15.0,4.0,9.7);
INSERT INTO HealthRiskFactors(HealthRiskFactorID,CountryID,HealthSystemID,MaleTobaccoUse,FemaleTobaccoUse,IncidenceOfTuberculosis,PrevalenceOfDiabetes) VALUES (96,95,96,28.0,20.0,7.0,5.0);
INSERT INTO HealthRiskFactors(HealthRiskFactorID,CountryID,HealthSystemID,MaleTobaccoUse,FemaleTobaccoUse,IncidenceOfTuberculosis,PrevalenceOfDiabetes) VALUES (97,96,97,29.0,5.0,3.0,11.3);
INSERT INTO HealthRiskFactors(HealthRiskFactorID,CountryID,HealthSystemID,MaleTobaccoUse,FemaleTobaccoUse,IncidenceOfTuberculosis,PrevalenceOfDiabetes) VALUES (98,97,98,34.0,11.0,14.0,5.6);
INSERT INTO HealthRiskFactors(HealthRiskFactorID,CountryID,HealthSystemID,MaleTobaccoUse,FemaleTobaccoUse,IncidenceOfTuberculosis,PrevalenceOfDiabetes) VALUES (99,98,99,NULL,NULL,5.0,12.7);
INSERT INTO HealthRiskFactors(HealthRiskFactorID,CountryID,HealthSystemID,MaleTobaccoUse,FemaleTobaccoUse,IncidenceOfTuberculosis,PrevalenceOfDiabetes) VALUES (100,99,100,43.0,7.0,68.0,6.1);
INSERT INTO HealthRiskFactors(HealthRiskFactorID,CountryID,HealthSystemID,MaleTobaccoUse,FemaleTobaccoUse,IncidenceOfTuberculosis,PrevalenceOfDiabetes) VALUES (101,100,101,20.0,1.0,292.0,3.1);
INSERT INTO HealthRiskFactors(HealthRiskFactorID,CountryID,HealthSystemID,MaleTobaccoUse,FemaleTobaccoUse,IncidenceOfTuberculosis,PrevalenceOfDiabetes) VALUES (102,101,102,59.0,36.0,349.0,22.5);
INSERT INTO HealthRiskFactors(HealthRiskFactorID,CountryID,HealthSystemID,MaleTobaccoUse,FemaleTobaccoUse,IncidenceOfTuberculosis,PrevalenceOfDiabetes) VALUES (103,102,103,NULL,NULL,513.0,6.4);
INSERT INTO HealthRiskFactors(HealthRiskFactorID,CountryID,HealthSystemID,MaleTobaccoUse,FemaleTobaccoUse,IncidenceOfTuberculosis,PrevalenceOfDiabetes) VALUES (104,103,104,41.0,6.0,66.0,6.9);
INSERT INTO HealthRiskFactors(HealthRiskFactorID,CountryID,HealthSystemID,MaleTobaccoUse,FemaleTobaccoUse,IncidenceOfTuberculosis,PrevalenceOfDiabetes) VALUES (105,104,105,NULL,NULL,NULL,NULL);
INSERT INTO HealthRiskFactors(HealthRiskFactorID,CountryID,HealthSystemID,MaleTobaccoUse,FemaleTobaccoUse,IncidenceOfTuberculosis,PrevalenceOfDiabetes) VALUES (106,105,106,37.0,3.0,23.0,12.2);
INSERT INTO HealthRiskFactors(HealthRiskFactorID,CountryID,HealthSystemID,MaleTobaccoUse,FemaleTobaccoUse,IncidenceOfTuberculosis,PrevalenceOfDiabetes) VALUES (107,106,107,51.0,4.0,116.0,6.1);
INSERT INTO HealthRiskFactors(HealthRiskFactorID,CountryID,HealthSystemID,MaleTobaccoUse,FemaleTobaccoUse,IncidenceOfTuberculosis,PrevalenceOfDiabetes) VALUES (108,107,108,51.0,7.0,162.0,6.4);
INSERT INTO HealthRiskFactors(HealthRiskFactorID,CountryID,HealthSystemID,MaleTobaccoUse,FemaleTobaccoUse,IncidenceOfTuberculosis,PrevalenceOfDiabetes) VALUES (109,108,109,51.0,26.0,29.0,5.0);
INSERT INTO HealthRiskFactors(HealthRiskFactorID,CountryID,HealthSystemID,MaleTobaccoUse,FemaleTobaccoUse,IncidenceOfTuberculosis,PrevalenceOfDiabetes) VALUES (110,109,110,41.0,27.0,11.0,11.2);
INSERT INTO HealthRiskFactors(HealthRiskFactorID,CountryID,HealthSystemID,MaleTobaccoUse,FemaleTobaccoUse,IncidenceOfTuberculosis,PrevalenceOfDiabetes) VALUES (111,110,111,54.0,0.0,611.0,4.5);
INSERT INTO HealthRiskFactors(HealthRiskFactorID,CountryID,HealthSystemID,MaleTobaccoUse,FemaleTobaccoUse,IncidenceOfTuberculosis,PrevalenceOfDiabetes) VALUES (112,111,112,18.0,2.0,308.0,2.4);
INSERT INTO HealthRiskFactors(HealthRiskFactorID,CountryID,HealthSystemID,MaleTobaccoUse,FemaleTobaccoUse,IncidenceOfTuberculosis,PrevalenceOfDiabetes) VALUES (113,112,113,NULL,NULL,40.0,10.2);
INSERT INTO HealthRiskFactors(HealthRiskFactorID,CountryID,HealthSystemID,MaleTobaccoUse,FemaleTobaccoUse,IncidenceOfTuberculosis,PrevalenceOfDiabetes) VALUES (114,113,114,NULL,NULL,NULL,9.4);
INSERT INTO HealthRiskFactors(HealthRiskFactorID,CountryID,HealthSystemID,MaleTobaccoUse,FemaleTobaccoUse,IncidenceOfTuberculosis,PrevalenceOfDiabetes) VALUES (115,114,115,38.0,21.0,44.0,3.8);
INSERT INTO HealthRiskFactors(HealthRiskFactorID,CountryID,HealthSystemID,MaleTobaccoUse,FemaleTobaccoUse,IncidenceOfTuberculosis,PrevalenceOfDiabetes) VALUES (116,115,116,26.0,21.0,8.0,5.0);
INSERT INTO HealthRiskFactors(HealthRiskFactorID,CountryID,HealthSystemID,MaleTobaccoUse,FemaleTobaccoUse,IncidenceOfTuberculosis,PrevalenceOfDiabetes) VALUES (117,117,117,NULL,NULL,233.0,4.5);
INSERT INTO HealthRiskFactors(HealthRiskFactorID,CountryID,HealthSystemID,MaleTobaccoUse,FemaleTobaccoUse,IncidenceOfTuberculosis,PrevalenceOfDiabetes) VALUES (118,118,118,25.0,4.0,181.0,4.5);
INSERT INTO HealthRiskFactors(HealthRiskFactorID,CountryID,HealthSystemID,MaleTobaccoUse,FemaleTobaccoUse,IncidenceOfTuberculosis,PrevalenceOfDiabetes) VALUES (119,119,119,42.0,1.0,92.0,16.7);
INSERT INTO HealthRiskFactors(HealthRiskFactorID,CountryID,HealthSystemID,MaleTobaccoUse,FemaleTobaccoUse,IncidenceOfTuberculosis,PrevalenceOfDiabetes) VALUES (120,120,120,55.0,2.0,33.0,9.2);
INSERT INTO HealthRiskFactors(HealthRiskFactorID,CountryID,HealthSystemID,MaleTobaccoUse,FemaleTobaccoUse,IncidenceOfTuberculosis,PrevalenceOfDiabetes) VALUES (121,121,121,23.0,2.0,53.0,2.4);
INSERT INTO HealthRiskFactors(HealthRiskFactorID,CountryID,HealthSystemID,MaleTobaccoUse,FemaleTobaccoUse,IncidenceOfTuberculosis,PrevalenceOfDiabetes) VALUES (122,122,122,30.0,21.0,14.0,8.3);
INSERT INTO HealthRiskFactors(HealthRiskFactorID,CountryID,HealthSystemID,MaleTobaccoUse,FemaleTobaccoUse,IncidenceOfTuberculosis,PrevalenceOfDiabetes) VALUES (123,123,123,NULL,NULL,434.0,30.5);
INSERT INTO HealthRiskFactors(HealthRiskFactorID,CountryID,HealthSystemID,MaleTobaccoUse,FemaleTobaccoUse,IncidenceOfTuberculosis,PrevalenceOfDiabetes) VALUES (124,124,124,NULL,NULL,93.0,7.1);
INSERT INTO HealthRiskFactors(HealthRiskFactorID,CountryID,HealthSystemID,MaleTobaccoUse,FemaleTobaccoUse,IncidenceOfTuberculosis,PrevalenceOfDiabetes) VALUES (125,125,125,41.0,3.0,13.0,22.0);
INSERT INTO HealthRiskFactors(HealthRiskFactorID,CountryID,HealthSystemID,MaleTobaccoUse,FemaleTobaccoUse,IncidenceOfTuberculosis,PrevalenceOfDiabetes) VALUES (126,126,126,21.0,7.0,23.0,13.5);
INSERT INTO HealthRiskFactors(HealthRiskFactorID,CountryID,HealthSystemID,MaleTobaccoUse,FemaleTobaccoUse,IncidenceOfTuberculosis,PrevalenceOfDiabetes) VALUES (127,127,127,NULL,NULL,108.0,11.9);
INSERT INTO HealthRiskFactors(HealthRiskFactorID,CountryID,HealthSystemID,MaleTobaccoUse,FemaleTobaccoUse,IncidenceOfTuberculosis,PrevalenceOfDiabetes) VALUES (128,128,128,45.0,6.0,86.0,5.7);
INSERT INTO HealthRiskFactors(HealthRiskFactorID,CountryID,HealthSystemID,MaleTobaccoUse,FemaleTobaccoUse,IncidenceOfTuberculosis,PrevalenceOfDiabetes) VALUES (129,129,129,NULL,NULL,0.0,2.9);
INSERT INTO HealthRiskFactors(HealthRiskFactorID,CountryID,HealthSystemID,MaleTobaccoUse,FemaleTobaccoUse,IncidenceOfTuberculosis,PrevalenceOfDiabetes) VALUES (130,130,130,47.0,6.0,428.0,4.7);
INSERT INTO HealthRiskFactors(HealthRiskFactorID,CountryID,HealthSystemID,MaleTobaccoUse,FemaleTobaccoUse,IncidenceOfTuberculosis,PrevalenceOfDiabetes) VALUES (131,131,131,48.0,44.0,15.0,9.0);
INSERT INTO HealthRiskFactors(HealthRiskFactorID,CountryID,HealthSystemID,MaleTobaccoUse,FemaleTobaccoUse,IncidenceOfTuberculosis,PrevalenceOfDiabetes) VALUES (132,132,132,47.0,1.0,99.0,7.0);
INSERT INTO HealthRiskFactors(HealthRiskFactorID,CountryID,HealthSystemID,MaleTobaccoUse,FemaleTobaccoUse,IncidenceOfTuberculosis,PrevalenceOfDiabetes) VALUES (133,133,133,29.0,5.0,551.0,3.3);
INSERT INTO HealthRiskFactors(HealthRiskFactorID,CountryID,HealthSystemID,MaleTobaccoUse,FemaleTobaccoUse,IncidenceOfTuberculosis,PrevalenceOfDiabetes) VALUES (134,134,134,35.0,6.0,338.0,3.9);
INSERT INTO HealthRiskFactors(HealthRiskFactorID,CountryID,HealthSystemID,MaleTobaccoUse,FemaleTobaccoUse,IncidenceOfTuberculosis,PrevalenceOfDiabetes) VALUES (135,135,135,34.0,10.0,524.0,4.5);
INSERT INTO HealthRiskFactors(HealthRiskFactorID,CountryID,HealthSystemID,MaleTobaccoUse,FemaleTobaccoUse,IncidenceOfTuberculosis,PrevalenceOfDiabetes) VALUES (136,136,136,38.0,10.0,151.0,7.2);
INSERT INTO HealthRiskFactors(HealthRiskFactorID,CountryID,HealthSystemID,MaleTobaccoUse,FemaleTobaccoUse,IncidenceOfTuberculosis,PrevalenceOfDiabetes) VALUES (137,137,137,27.0,24.0,5.0,5.4);
INSERT INTO HealthRiskFactors(HealthRiskFactorID,CountryID,HealthSystemID,MaleTobaccoUse,FemaleTobaccoUse,IncidenceOfTuberculosis,PrevalenceOfDiabetes) VALUES (138,138,138,NULL,NULL,15.0,21.8);
INSERT INTO HealthRiskFactors(HealthRiskFactorID,CountryID,HealthSystemID,MaleTobaccoUse,FemaleTobaccoUse,IncidenceOfTuberculosis,PrevalenceOfDiabetes) VALUES (139,139,139,17.0,15.0,7.0,6.2);
INSERT INTO HealthRiskFactors(HealthRiskFactorID,CountryID,HealthSystemID,MaleTobaccoUse,FemaleTobaccoUse,IncidenceOfTuberculosis,PrevalenceOfDiabetes) VALUES (140,140,140,NULL,NULL,41.0,11.4);
INSERT INTO HealthRiskFactors(HealthRiskFactorID,CountryID,HealthSystemID,MaleTobaccoUse,FemaleTobaccoUse,IncidenceOfTuberculosis,PrevalenceOfDiabetes) VALUES (141,141,141,15.0,0.0,87.0,2.4);
INSERT INTO HealthRiskFactors(HealthRiskFactorID,CountryID,HealthSystemID,MaleTobaccoUse,FemaleTobaccoUse,IncidenceOfTuberculosis,PrevalenceOfDiabetes) VALUES (142,142,142,11.0,1.0,219.0,3.1);
INSERT INTO HealthRiskFactors(HealthRiskFactorID,CountryID,HealthSystemID,MaleTobaccoUse,FemaleTobaccoUse,IncidenceOfTuberculosis,PrevalenceOfDiabetes) VALUES (143,116,143,NULL,NULL,13.0,9.3);
INSERT INTO HealthRiskFactors(HealthRiskFactorID,CountryID,HealthSystemID,MaleTobaccoUse,FemaleTobaccoUse,IncidenceOfTuberculosis,PrevalenceOfDiabetes) VALUES (144,143,144,NULL,NULL,95.0,NULL);
INSERT INTO HealthRiskFactors(HealthRiskFactorID,CountryID,HealthSystemID,MaleTobaccoUse,FemaleTobaccoUse,IncidenceOfTuberculosis,PrevalenceOfDiabetes) VALUES (145,144,145,21.0,20.0,4.0,5.3);
INSERT INTO HealthRiskFactors(HealthRiskFactorID,CountryID,HealthSystemID,MaleTobaccoUse,FemaleTobaccoUse,IncidenceOfTuberculosis,PrevalenceOfDiabetes) VALUES (146,145,146,16.0,1.0,6.0,10.1);
INSERT INTO HealthRiskFactors(HealthRiskFactorID,CountryID,HealthSystemID,MaleTobaccoUse,FemaleTobaccoUse,IncidenceOfTuberculosis,PrevalenceOfDiabetes) VALUES (147,146,147,37.0,3.0,265.0,19.9);
INSERT INTO HealthRiskFactors(HealthRiskFactorID,CountryID,HealthSystemID,MaleTobaccoUse,FemaleTobaccoUse,IncidenceOfTuberculosis,PrevalenceOfDiabetes) VALUES (148,147,148,23.0,8.0,109.0,17.9);
INSERT INTO HealthRiskFactors(HealthRiskFactorID,CountryID,HealthSystemID,MaleTobaccoUse,FemaleTobaccoUse,IncidenceOfTuberculosis,PrevalenceOfDiabetes) VALUES (149,148,149,10.0,2.0,52.0,7.7);
INSERT INTO HealthRiskFactors(HealthRiskFactorID,CountryID,HealthSystemID,MaleTobaccoUse,FemaleTobaccoUse,IncidenceOfTuberculosis,PrevalenceOfDiabetes) VALUES (150,149,150,49.0,24.0,432.0,17.9);
INSERT INTO HealthRiskFactors(HealthRiskFactorID,CountryID,HealthSystemID,MaleTobaccoUse,FemaleTobaccoUse,IncidenceOfTuberculosis,PrevalenceOfDiabetes) VALUES (151,150,151,22.0,5.0,43.0,9.6);
INSERT INTO HealthRiskFactors(HealthRiskFactorID,CountryID,HealthSystemID,MaleTobaccoUse,FemaleTobaccoUse,IncidenceOfTuberculosis,PrevalenceOfDiabetes) VALUES (152,151,152,NULL,5.0,123.0,6.6);
INSERT INTO HealthRiskFactors(HealthRiskFactorID,CountryID,HealthSystemID,MaleTobaccoUse,FemaleTobaccoUse,IncidenceOfTuberculosis,PrevalenceOfDiabetes) VALUES (153,152,153,41.0,8.0,554.0,7.1);
INSERT INTO HealthRiskFactors(HealthRiskFactorID,CountryID,HealthSystemID,MaleTobaccoUse,FemaleTobaccoUse,IncidenceOfTuberculosis,PrevalenceOfDiabetes) VALUES (154,153,154,33.0,23.0,16.0,6.1);
INSERT INTO HealthRiskFactors(HealthRiskFactorID,CountryID,HealthSystemID,MaleTobaccoUse,FemaleTobaccoUse,IncidenceOfTuberculosis,PrevalenceOfDiabetes) VALUES (155,154,155,30.0,16.0,24.0,9.8);
INSERT INTO HealthRiskFactors(HealthRiskFactorID,CountryID,HealthSystemID,MaleTobaccoUse,FemaleTobaccoUse,IncidenceOfTuberculosis,PrevalenceOfDiabetes) VALUES (156,155,156,NULL,NULL,1.0,13.7);
INSERT INTO HealthRiskFactors(HealthRiskFactorID,CountryID,HealthSystemID,MaleTobaccoUse,FemaleTobaccoUse,IncidenceOfTuberculosis,PrevalenceOfDiabetes) VALUES (157,156,157,27.0,1.0,31.0,15.6);
INSERT INTO HealthRiskFactors(HealthRiskFactorID,CountryID,HealthSystemID,MaleTobaccoUse,FemaleTobaccoUse,IncidenceOfTuberculosis,PrevalenceOfDiabetes) VALUES (158,157,158,37.0,23.0,68.0,6.9);
INSERT INTO HealthRiskFactors(HealthRiskFactorID,CountryID,HealthSystemID,MaleTobaccoUse,FemaleTobaccoUse,IncidenceOfTuberculosis,PrevalenceOfDiabetes) VALUES (159,158,159,58.0,23.0,54.0,6.1);
INSERT INTO HealthRiskFactors(HealthRiskFactorID,CountryID,HealthSystemID,MaleTobaccoUse,FemaleTobaccoUse,IncidenceOfTuberculosis,PrevalenceOfDiabetes) VALUES (160,159,160,21.0,5.0,59.0,5.1);
INSERT INTO HealthRiskFactors(HealthRiskFactorID,CountryID,HealthSystemID,MaleTobaccoUse,FemaleTobaccoUse,IncidenceOfTuberculosis,PrevalenceOfDiabetes) VALUES (161,160,161,38.0,17.0,6.0,9.2);
INSERT INTO HealthRiskFactors(HealthRiskFactorID,CountryID,HealthSystemID,MaleTobaccoUse,FemaleTobaccoUse,IncidenceOfTuberculosis,PrevalenceOfDiabetes) VALUES (162,161,162,NULL,NULL,0.0,5.9);
INSERT INTO HealthRiskFactors(HealthRiskFactorID,CountryID,HealthSystemID,MaleTobaccoUse,FemaleTobaccoUse,IncidenceOfTuberculosis,PrevalenceOfDiabetes) VALUES (163,162,163,NULL,NULL,124.0,2.4);
INSERT INTO HealthRiskFactors(HealthRiskFactorID,CountryID,HealthSystemID,MaleTobaccoUse,FemaleTobaccoUse,IncidenceOfTuberculosis,PrevalenceOfDiabetes) VALUES (164,163,164,25.0,2.0,10.0,15.8);
INSERT INTO HealthRiskFactors(HealthRiskFactorID,CountryID,HealthSystemID,MaleTobaccoUse,FemaleTobaccoUse,IncidenceOfTuberculosis,PrevalenceOfDiabetes) VALUES (165,164,165,17.0,0.0,118.0,2.4);
INSERT INTO HealthRiskFactors(HealthRiskFactorID,CountryID,HealthSystemID,MaleTobaccoUse,FemaleTobaccoUse,IncidenceOfTuberculosis,PrevalenceOfDiabetes) VALUES (166,165,166,40.0,38.0,17.0,9.0);
INSERT INTO HealthRiskFactors(HealthRiskFactorID,CountryID,HealthSystemID,MaleTobaccoUse,FemaleTobaccoUse,IncidenceOfTuberculosis,PrevalenceOfDiabetes) VALUES (167,166,167,36.0,7.0,18.0,12.3);
INSERT INTO HealthRiskFactors(HealthRiskFactorID,CountryID,HealthSystemID,MaleTobaccoUse,FemaleTobaccoUse,IncidenceOfTuberculosis,PrevalenceOfDiabetes) VALUES (168,167,168,41.0,9.0,298.0,2.4);
INSERT INTO HealthRiskFactors(HealthRiskFactorID,CountryID,HealthSystemID,MaleTobaccoUse,FemaleTobaccoUse,IncidenceOfTuberculosis,PrevalenceOfDiabetes) VALUES (169,168,169,28.0,5.0,47.0,5.5);
INSERT INTO HealthRiskFactors(HealthRiskFactorID,CountryID,HealthSystemID,MaleTobaccoUse,FemaleTobaccoUse,IncidenceOfTuberculosis,PrevalenceOfDiabetes) VALUES (170,169,170,NULL,NULL,19.0,6.8);
INSERT INTO HealthRiskFactors(HealthRiskFactorID,CountryID,HealthSystemID,MaleTobaccoUse,FemaleTobaccoUse,IncidenceOfTuberculosis,PrevalenceOfDiabetes) VALUES (171,170,171,38.0,23.0,6.0,6.5);
INSERT INTO HealthRiskFactors(HealthRiskFactorID,CountryID,HealthSystemID,MaleTobaccoUse,FemaleTobaccoUse,IncidenceOfTuberculosis,PrevalenceOfDiabetes) VALUES (172,171,172,25.0,20.0,5.0,5.9);
INSERT INTO HealthRiskFactors(HealthRiskFactorID,CountryID,HealthSystemID,MaleTobaccoUse,FemaleTobaccoUse,IncidenceOfTuberculosis,PrevalenceOfDiabetes) VALUES (173,172,173,NULL,NULL,74.0,19.0);
INSERT INTO HealthRiskFactors(HealthRiskFactorID,CountryID,HealthSystemID,MaleTobaccoUse,FemaleTobaccoUse,IncidenceOfTuberculosis,PrevalenceOfDiabetes) VALUES (174,173,174,NULL,NULL,262.0,5.1);
INSERT INTO HealthRiskFactors(HealthRiskFactorID,CountryID,HealthSystemID,MaleTobaccoUse,FemaleTobaccoUse,IncidenceOfTuberculosis,PrevalenceOfDiabetes) VALUES (175,174,175,33.0,8.0,520.0,12.7);
INSERT INTO HealthRiskFactors(HealthRiskFactorID,CountryID,HealthSystemID,MaleTobaccoUse,FemaleTobaccoUse,IncidenceOfTuberculosis,PrevalenceOfDiabetes) VALUES (176,175,176,NULL,NULL,146.0,10.2);
INSERT INTO HealthRiskFactors(HealthRiskFactorID,CountryID,HealthSystemID,MaleTobaccoUse,FemaleTobaccoUse,IncidenceOfTuberculosis,PrevalenceOfDiabetes) VALUES (177,176,177,31.0,27.0,9.0,6.9);
INSERT INTO HealthRiskFactors(HealthRiskFactorID,CountryID,HealthSystemID,MaleTobaccoUse,FemaleTobaccoUse,IncidenceOfTuberculosis,PrevalenceOfDiabetes) VALUES (178,177,178,27.0,0.0,64.0,10.7);
INSERT INTO HealthRiskFactors(HealthRiskFactorID,CountryID,HealthSystemID,MaleTobaccoUse,FemaleTobaccoUse,IncidenceOfTuberculosis,PrevalenceOfDiabetes) VALUES (179,178,179,NULL,NULL,0.0,13.3);
INSERT INTO HealthRiskFactors(HealthRiskFactorID,CountryID,HealthSystemID,MaleTobaccoUse,FemaleTobaccoUse,IncidenceOfTuberculosis,PrevalenceOfDiabetes) VALUES (180,179,180,NULL,NULL,3.0,11.6);
INSERT INTO HealthRiskFactors(HealthRiskFactorID,CountryID,HealthSystemID,MaleTobaccoUse,FemaleTobaccoUse,IncidenceOfTuberculosis,PrevalenceOfDiabetes) VALUES (181,180,181,NULL,NULL,NULL,NULL);
INSERT INTO HealthRiskFactors(HealthRiskFactorID,CountryID,HealthSystemID,MaleTobaccoUse,FemaleTobaccoUse,IncidenceOfTuberculosis,PrevalenceOfDiabetes) VALUES (182,181,182,NULL,NULL,6.0,11.6);
INSERT INTO HealthRiskFactors(HealthRiskFactorID,CountryID,HealthSystemID,MaleTobaccoUse,FemaleTobaccoUse,IncidenceOfTuberculosis,PrevalenceOfDiabetes) VALUES (183,182,183,NULL,NULL,71.0,22.1);
INSERT INTO HealthRiskFactors(HealthRiskFactorID,CountryID,HealthSystemID,MaleTobaccoUse,FemaleTobaccoUse,IncidenceOfTuberculosis,PrevalenceOfDiabetes) VALUES (184,183,184,43.0,7.0,38.0,12.5);
INSERT INTO HealthRiskFactors(HealthRiskFactorID,CountryID,HealthSystemID,MaleTobaccoUse,FemaleTobaccoUse,IncidenceOfTuberculosis,PrevalenceOfDiabetes) VALUES (185,185,185,19.0,19.0,6.0,4.8);
INSERT INTO HealthRiskFactors(HealthRiskFactorID,CountryID,HealthSystemID,MaleTobaccoUse,FemaleTobaccoUse,IncidenceOfTuberculosis,PrevalenceOfDiabetes) VALUES (186,186,186,29.0,23.0,6.0,5.7);
INSERT INTO HealthRiskFactors(HealthRiskFactorID,CountryID,HealthSystemID,MaleTobaccoUse,FemaleTobaccoUse,IncidenceOfTuberculosis,PrevalenceOfDiabetes) VALUES (187,187,187,NULL,NULL,19.0,13.5);
INSERT INTO HealthRiskFactors(HealthRiskFactorID,CountryID,HealthSystemID,MaleTobaccoUse,FemaleTobaccoUse,IncidenceOfTuberculosis,PrevalenceOfDiabetes) VALUES (188,188,188,NULL,NULL,84.0,6.1);
INSERT INTO HealthRiskFactors(HealthRiskFactorID,CountryID,HealthSystemID,MaleTobaccoUse,FemaleTobaccoUse,IncidenceOfTuberculosis,PrevalenceOfDiabetes) VALUES (189,189,189,27.0,3.0,253.0,5.7);
INSERT INTO HealthRiskFactors(HealthRiskFactorID,CountryID,HealthSystemID,MaleTobaccoUse,FemaleTobaccoUse,IncidenceOfTuberculosis,PrevalenceOfDiabetes) VALUES (190,190,190,39.0,2.0,153.0,7.0);
INSERT INTO HealthRiskFactors(HealthRiskFactorID,CountryID,HealthSystemID,MaleTobaccoUse,FemaleTobaccoUse,IncidenceOfTuberculosis,PrevalenceOfDiabetes) VALUES (191,191,191,78.0,6.0,498.0,6.7);
INSERT INTO HealthRiskFactors(HealthRiskFactorID,CountryID,HealthSystemID,MaleTobaccoUse,FemaleTobaccoUse,IncidenceOfTuberculosis,PrevalenceOfDiabetes) VALUES (192,192,192,14.0,1.0,36.0,2.4);
INSERT INTO HealthRiskFactors(HealthRiskFactorID,CountryID,HealthSystemID,MaleTobaccoUse,FemaleTobaccoUse,IncidenceOfTuberculosis,PrevalenceOfDiabetes) VALUES (193,193,193,44.0,12.0,10.0,15.7);
INSERT INTO HealthRiskFactors(HealthRiskFactorID,CountryID,HealthSystemID,MaleTobaccoUse,FemaleTobaccoUse,IncidenceOfTuberculosis,PrevalenceOfDiabetes) VALUES (194,194,194,NULL,NULL,21.0,11.0);
INSERT INTO HealthRiskFactors(HealthRiskFactorID,CountryID,HealthSystemID,MaleTobaccoUse,FemaleTobaccoUse,IncidenceOfTuberculosis,PrevalenceOfDiabetes) VALUES (195,195,195,66.0,1.0,35.0,8.5);
INSERT INTO HealthRiskFactors(HealthRiskFactorID,CountryID,HealthSystemID,MaleTobaccoUse,FemaleTobaccoUse,IncidenceOfTuberculosis,PrevalenceOfDiabetes) VALUES (196,196,196,41.0,14.0,16.0,11.1);
INSERT INTO HealthRiskFactors(HealthRiskFactorID,CountryID,HealthSystemID,MaleTobaccoUse,FemaleTobaccoUse,IncidenceOfTuberculosis,PrevalenceOfDiabetes) VALUES (197,197,197,NULL,NULL,46.0,6.1);
INSERT INTO HealthRiskFactors(HealthRiskFactorID,CountryID,HealthSystemID,MaleTobaccoUse,FemaleTobaccoUse,IncidenceOfTuberculosis,PrevalenceOfDiabetes) VALUES (198,198,198,NULL,NULL,6.0,NULL);
INSERT INTO HealthRiskFactors(HealthRiskFactorID,CountryID,HealthSystemID,MaleTobaccoUse,FemaleTobaccoUse,IncidenceOfTuberculosis,PrevalenceOfDiabetes) VALUES (199,199,199,NULL,NULL,270.0,22.1);
INSERT INTO HealthRiskFactors(HealthRiskFactorID,CountryID,HealthSystemID,MaleTobaccoUse,FemaleTobaccoUse,IncidenceOfTuberculosis,PrevalenceOfDiabetes) VALUES (200,200,200,17.0,3.0,200.0,2.5);
INSERT INTO HealthRiskFactors(HealthRiskFactorID,CountryID,HealthSystemID,MaleTobaccoUse,FemaleTobaccoUse,IncidenceOfTuberculosis,PrevalenceOfDiabetes) VALUES (201,201,201,47.0,14.0,80.0,6.1);
INSERT INTO HealthRiskFactors(HealthRiskFactorID,CountryID,HealthSystemID,MaleTobaccoUse,FemaleTobaccoUse,IncidenceOfTuberculosis,PrevalenceOfDiabetes) VALUES (202,202,202,37.0,1.0,1.0,16.3);
INSERT INTO HealthRiskFactors(HealthRiskFactorID,CountryID,HealthSystemID,MaleTobaccoUse,FemaleTobaccoUse,IncidenceOfTuberculosis,PrevalenceOfDiabetes) VALUES (203,203,203,25.0,20.0,8.0,3.9);
INSERT INTO HealthRiskFactors(HealthRiskFactorID,CountryID,HealthSystemID,MaleTobaccoUse,FemaleTobaccoUse,IncidenceOfTuberculosis,PrevalenceOfDiabetes) VALUES (204,204,204,25.0,19.0,3.0,10.8);
INSERT INTO HealthRiskFactors(HealthRiskFactorID,CountryID,HealthSystemID,MaleTobaccoUse,FemaleTobaccoUse,IncidenceOfTuberculosis,PrevalenceOfDiabetes) VALUES (205,205,205,20.0,14.0,33.0,7.3);
INSERT INTO HealthRiskFactors(HealthRiskFactorID,CountryID,HealthSystemID,MaleTobaccoUse,FemaleTobaccoUse,IncidenceOfTuberculosis,PrevalenceOfDiabetes) VALUES (206,206,206,25.0,1.0,70.0,6.5);
INSERT INTO HealthRiskFactors(HealthRiskFactorID,CountryID,HealthSystemID,MaleTobaccoUse,FemaleTobaccoUse,IncidenceOfTuberculosis,PrevalenceOfDiabetes) VALUES (207,207,207,35.0,3.0,46.0,11.9);
INSERT INTO HealthRiskFactors(HealthRiskFactorID,CountryID,HealthSystemID,MaleTobaccoUse,FemaleTobaccoUse,IncidenceOfTuberculosis,PrevalenceOfDiabetes) VALUES (208,208,208,NULL,NULL,48.0,7.0);
INSERT INTO HealthRiskFactors(HealthRiskFactorID,CountryID,HealthSystemID,MaleTobaccoUse,FemaleTobaccoUse,IncidenceOfTuberculosis,PrevalenceOfDiabetes) VALUES (209,209,209,46.0,1.0,182.0,6.0);
INSERT INTO HealthRiskFactors(HealthRiskFactorID,CountryID,HealthSystemID,MaleTobaccoUse,FemaleTobaccoUse,IncidenceOfTuberculosis,PrevalenceOfDiabetes) VALUES (210,210,210,NULL,NULL,NULL,12.3);
INSERT INTO HealthRiskFactors(HealthRiskFactorID,CountryID,HealthSystemID,MaleTobaccoUse,FemaleTobaccoUse,IncidenceOfTuberculosis,PrevalenceOfDiabetes) VALUES (211,211,211,NULL,NULL,1.0,9.5);
INSERT INTO HealthRiskFactors(HealthRiskFactorID,CountryID,HealthSystemID,MaleTobaccoUse,FemaleTobaccoUse,IncidenceOfTuberculosis,PrevalenceOfDiabetes) VALUES (212,212,212,29.0,8.0,48.0,5.4);
INSERT INTO HealthRiskFactors(HealthRiskFactorID,CountryID,HealthSystemID,MaleTobaccoUse,FemaleTobaccoUse,IncidenceOfTuberculosis,PrevalenceOfDiabetes) VALUES (213,213,213,25.0,3.0,346.0,4.5);
INSERT INTO HealthRiskFactors(HealthRiskFactorID,CountryID,HealthSystemID,MaleTobaccoUse,FemaleTobaccoUse,IncidenceOfTuberculosis,PrevalenceOfDiabetes) VALUES (214,214,214,31.0,2.0,210.0,1.8);


INSERT INTO HealthWorkers(HealthWorkerID,HealthSystemID,NumberOfNursesMidwives,NumberOfSpecialistSurgicalWorkforce,NumberOfPhysicians) VALUES (1,1,0.3,0.0,0.3);
INSERT INTO HealthWorkers(HealthWorkerID,HealthSystemID,NumberOfNursesMidwives,NumberOfSpecialistSurgicalWorkforce,NumberOfPhysicians) VALUES (2,2,3.6,11.6,1.2);
INSERT INTO HealthWorkers(HealthWorkerID,HealthSystemID,NumberOfNursesMidwives,NumberOfSpecialistSurgicalWorkforce,NumberOfPhysicians) VALUES (3,3,2.2,12.1,1.8);
INSERT INTO HealthWorkers(HealthWorkerID,HealthSystemID,NumberOfNursesMidwives,NumberOfSpecialistSurgicalWorkforce,NumberOfPhysicians) VALUES (4,4,NULL,NULL,NULL);
INSERT INTO HealthWorkers(HealthWorkerID,HealthSystemID,NumberOfNursesMidwives,NumberOfSpecialistSurgicalWorkforce,NumberOfPhysicians) VALUES (5,5,4.0,83.1,3.3);
INSERT INTO HealthWorkers(HealthWorkerID,HealthSystemID,NumberOfNursesMidwives,NumberOfSpecialistSurgicalWorkforce,NumberOfPhysicians) VALUES (6,6,1.3,NULL,0.2);
INSERT INTO HealthWorkers(HealthWorkerID,HealthSystemID,NumberOfNursesMidwives,NumberOfSpecialistSurgicalWorkforce,NumberOfPhysicians) VALUES (7,7,3.1,14.0,2.8);
INSERT INTO HealthWorkers(HealthWorkerID,HealthSystemID,NumberOfNursesMidwives,NumberOfSpecialistSurgicalWorkforce,NumberOfPhysicians) VALUES (8,8,2.6,50.1,4.0);
INSERT INTO HealthWorkers(HealthWorkerID,HealthSystemID,NumberOfNursesMidwives,NumberOfSpecialistSurgicalWorkforce,NumberOfPhysicians) VALUES (9,9,5.6,86.7,2.9);
INSERT INTO HealthWorkers(HealthWorkerID,HealthSystemID,NumberOfNursesMidwives,NumberOfSpecialistSurgicalWorkforce,NumberOfPhysicians) VALUES (10,10,NULL,NULL,NULL);
INSERT INTO HealthWorkers(HealthWorkerID,HealthSystemID,NumberOfNursesMidwives,NumberOfSpecialistSurgicalWorkforce,NumberOfPhysicians) VALUES (11,11,12.7,45.1,3.6);
INSERT INTO HealthWorkers(HealthWorkerID,HealthSystemID,NumberOfNursesMidwives,NumberOfSpecialistSurgicalWorkforce,NumberOfPhysicians) VALUES (12,12,8.2,109.9,5.1);
INSERT INTO HealthWorkers(HealthWorkerID,HealthSystemID,NumberOfNursesMidwives,NumberOfSpecialistSurgicalWorkforce,NumberOfPhysicians) VALUES (13,13,7.0,67.6,3.4);
INSERT INTO HealthWorkers(HealthWorkerID,HealthSystemID,NumberOfNursesMidwives,NumberOfSpecialistSurgicalWorkforce,NumberOfPhysicians) VALUES (14,14,3.1,NULL,1.9);
INSERT INTO HealthWorkers(HealthWorkerID,HealthSystemID,NumberOfNursesMidwives,NumberOfSpecialistSurgicalWorkforce,NumberOfPhysicians) VALUES (15,15,2.5,14.4,0.9);
INSERT INTO HealthWorkers(HealthWorkerID,HealthSystemID,NumberOfNursesMidwives,NumberOfSpecialistSurgicalWorkforce,NumberOfPhysicians) VALUES (16,16,0.3,2.9,0.5);
INSERT INTO HealthWorkers(HealthWorkerID,HealthSystemID,NumberOfNursesMidwives,NumberOfSpecialistSurgicalWorkforce,NumberOfPhysicians) VALUES (17,17,6.0,17.2,2.5);
INSERT INTO HealthWorkers(HealthWorkerID,HealthSystemID,NumberOfNursesMidwives,NumberOfSpecialistSurgicalWorkforce,NumberOfPhysicians) VALUES (18,18,11.4,124.2,4.1);
INSERT INTO HealthWorkers(HealthWorkerID,HealthSystemID,NumberOfNursesMidwives,NumberOfSpecialistSurgicalWorkforce,NumberOfPhysicians) VALUES (19,19,11.1,89.8,3.3);
INSERT INTO HealthWorkers(HealthWorkerID,HealthSystemID,NumberOfNursesMidwives,NumberOfSpecialistSurgicalWorkforce,NumberOfPhysicians) VALUES (20,20,1.7,10.5,1.1);
INSERT INTO HealthWorkers(HealthWorkerID,HealthSystemID,NumberOfNursesMidwives,NumberOfSpecialistSurgicalWorkforce,NumberOfPhysicians) VALUES (21,21,0.6,1.9,0.2);
INSERT INTO HealthWorkers(HealthWorkerID,HealthSystemID,NumberOfNursesMidwives,NumberOfSpecialistSurgicalWorkforce,NumberOfPhysicians) VALUES (22,22,NULL,NULL,NULL);
INSERT INTO HealthWorkers(HealthWorkerID,HealthSystemID,NumberOfNursesMidwives,NumberOfSpecialistSurgicalWorkforce,NumberOfPhysicians) VALUES (23,23,1.5,2.9,0.4);
INSERT INTO HealthWorkers(HealthWorkerID,HealthSystemID,NumberOfNursesMidwives,NumberOfSpecialistSurgicalWorkforce,NumberOfPhysicians) VALUES (24,24,0.7,33.9,1.6);
INSERT INTO HealthWorkers(HealthWorkerID,HealthSystemID,NumberOfNursesMidwives,NumberOfSpecialistSurgicalWorkforce,NumberOfPhysicians) VALUES (25,25,6.3,32.3,2.0);
INSERT INTO HealthWorkers(HealthWorkerID,HealthSystemID,NumberOfNursesMidwives,NumberOfSpecialistSurgicalWorkforce,NumberOfPhysicians) VALUES (26,26,3.3,3.6,0.4);
INSERT INTO HealthWorkers(HealthWorkerID,HealthSystemID,NumberOfNursesMidwives,NumberOfSpecialistSurgicalWorkforce,NumberOfPhysicians) VALUES (27,27,9.7,55.5,2.1);
INSERT INTO HealthWorkers(HealthWorkerID,HealthSystemID,NumberOfNursesMidwives,NumberOfSpecialistSurgicalWorkforce,NumberOfPhysicians) VALUES (28,28,6.6,NULL,1.8);
INSERT INTO HealthWorkers(HealthWorkerID,HealthSystemID,NumberOfNursesMidwives,NumberOfSpecialistSurgicalWorkforce,NumberOfPhysicians) VALUES (29,29,5.3,112.7,4.0);
INSERT INTO HealthWorkers(HealthWorkerID,HealthSystemID,NumberOfNursesMidwives,NumberOfSpecialistSurgicalWorkforce,NumberOfPhysicians) VALUES (30,30,0.6,0.6,0.1);
INSERT INTO HealthWorkers(HealthWorkerID,HealthSystemID,NumberOfNursesMidwives,NumberOfSpecialistSurgicalWorkforce,NumberOfPhysicians) VALUES (31,31,0.7,0.4,0.1);
INSERT INTO HealthWorkers(HealthWorkerID,HealthSystemID,NumberOfNursesMidwives,NumberOfSpecialistSurgicalWorkforce,NumberOfPhysicians) VALUES (32,32,1.2,16.0,0.8);
INSERT INTO HealthWorkers(HealthWorkerID,HealthSystemID,NumberOfNursesMidwives,NumberOfSpecialistSurgicalWorkforce,NumberOfPhysicians) VALUES (33,33,1.0,4.2,0.2);
INSERT INTO HealthWorkers(HealthWorkerID,HealthSystemID,NumberOfNursesMidwives,NumberOfSpecialistSurgicalWorkforce,NumberOfPhysicians) VALUES (34,34,0.9,1.2,0.1);
INSERT INTO HealthWorkers(HealthWorkerID,HealthSystemID,NumberOfNursesMidwives,NumberOfSpecialistSurgicalWorkforce,NumberOfPhysicians) VALUES (35,35,9.9,43.9,2.6);
INSERT INTO HealthWorkers(HealthWorkerID,HealthSystemID,NumberOfNursesMidwives,NumberOfSpecialistSurgicalWorkforce,NumberOfPhysicians) VALUES (36,36,NULL,156.8,NULL);
INSERT INTO HealthWorkers(HealthWorkerID,HealthSystemID,NumberOfNursesMidwives,NumberOfSpecialistSurgicalWorkforce,NumberOfPhysicians) VALUES (37,37,0.2,0.4,0.1);
INSERT INTO HealthWorkers(HealthWorkerID,HealthSystemID,NumberOfNursesMidwives,NumberOfSpecialistSurgicalWorkforce,NumberOfPhysicians) VALUES (38,38,0.4,0.3,0.0);
INSERT INTO HealthWorkers(HealthWorkerID,HealthSystemID,NumberOfNursesMidwives,NumberOfSpecialistSurgicalWorkforce,NumberOfPhysicians) VALUES (39,39,NULL,38.7,NULL);
INSERT INTO HealthWorkers(HealthWorkerID,HealthSystemID,NumberOfNursesMidwives,NumberOfSpecialistSurgicalWorkforce,NumberOfPhysicians) VALUES (40,40,0.9,59.3,1.1);
INSERT INTO HealthWorkers(HealthWorkerID,HealthSystemID,NumberOfNursesMidwives,NumberOfSpecialistSurgicalWorkforce,NumberOfPhysicians) VALUES (41,41,2.3,40.1,1.8);
INSERT INTO HealthWorkers(HealthWorkerID,HealthSystemID,NumberOfNursesMidwives,NumberOfSpecialistSurgicalWorkforce,NumberOfPhysicians) VALUES (42,42,NULL,27.8,NULL);
INSERT INTO HealthWorkers(HealthWorkerID,HealthSystemID,NumberOfNursesMidwives,NumberOfSpecialistSurgicalWorkforce,NumberOfPhysicians) VALUES (43,43,NULL,NULL,NULL);
INSERT INTO HealthWorkers(HealthWorkerID,HealthSystemID,NumberOfNursesMidwives,NumberOfSpecialistSurgicalWorkforce,NumberOfPhysicians) VALUES (44,44,1.3,22.7,2.1);
INSERT INTO HealthWorkers(HealthWorkerID,HealthSystemID,NumberOfNursesMidwives,NumberOfSpecialistSurgicalWorkforce,NumberOfPhysicians) VALUES (45,45,0.9,NULL,0.2);
INSERT INTO HealthWorkers(HealthWorkerID,HealthSystemID,NumberOfNursesMidwives,NumberOfSpecialistSurgicalWorkforce,NumberOfPhysicians) VALUES (46,46,0.5,0.2,0.1);
INSERT INTO HealthWorkers(HealthWorkerID,HealthSystemID,NumberOfNursesMidwives,NumberOfSpecialistSurgicalWorkforce,NumberOfPhysicians) VALUES (47,47,1.7,0.2,0.1);
INSERT INTO HealthWorkers(HealthWorkerID,HealthSystemID,NumberOfNursesMidwives,NumberOfSpecialistSurgicalWorkforce,NumberOfPhysicians) VALUES (48,48,0.8,25.5,1.1);
INSERT INTO HealthWorkers(HealthWorkerID,HealthSystemID,NumberOfNursesMidwives,NumberOfSpecialistSurgicalWorkforce,NumberOfPhysicians) VALUES (49,49,0.9,2.8,0.2);
INSERT INTO HealthWorkers(HealthWorkerID,HealthSystemID,NumberOfNursesMidwives,NumberOfSpecialistSurgicalWorkforce,NumberOfPhysicians) VALUES (50,50,8.1,81.2,3.0);
INSERT INTO HealthWorkers(HealthWorkerID,HealthSystemID,NumberOfNursesMidwives,NumberOfSpecialistSurgicalWorkforce,NumberOfPhysicians) VALUES (51,51,7.8,100.9,8.2);
INSERT INTO HealthWorkers(HealthWorkerID,HealthSystemID,NumberOfNursesMidwives,NumberOfSpecialistSurgicalWorkforce,NumberOfPhysicians) VALUES (52,52,NULL,NULL,NULL);
INSERT INTO HealthWorkers(HealthWorkerID,HealthSystemID,NumberOfNursesMidwives,NumberOfSpecialistSurgicalWorkforce,NumberOfPhysicians) VALUES (53,53,5.3,84.4,2.0);
INSERT INTO HealthWorkers(HealthWorkerID,HealthSystemID,NumberOfNursesMidwives,NumberOfSpecialistSurgicalWorkforce,NumberOfPhysicians) VALUES (54,54,8.4,124.5,4.3);
INSERT INTO HealthWorkers(HealthWorkerID,HealthSystemID,NumberOfNursesMidwives,NumberOfSpecialistSurgicalWorkforce,NumberOfPhysicians) VALUES (55,55,10.3,69.0,4.5);
INSERT INTO HealthWorkers(HealthWorkerID,HealthSystemID,NumberOfNursesMidwives,NumberOfSpecialistSurgicalWorkforce,NumberOfPhysicians) VALUES (56,56,0.5,4.4,0.2);
INSERT INTO HealthWorkers(HealthWorkerID,HealthSystemID,NumberOfNursesMidwives,NumberOfSpecialistSurgicalWorkforce,NumberOfPhysicians) VALUES (57,57,5.9,11.3,1.1);
INSERT INTO HealthWorkers(HealthWorkerID,HealthSystemID,NumberOfNursesMidwives,NumberOfSpecialistSurgicalWorkforce,NumberOfPhysicians) VALUES (58,58,0.3,NULL,1.6);
INSERT INTO HealthWorkers(HealthWorkerID,HealthSystemID,NumberOfNursesMidwives,NumberOfSpecialistSurgicalWorkforce,NumberOfPhysicians) VALUES (59,59,1.2,59.4,2.1);
INSERT INTO HealthWorkers(HealthWorkerID,HealthSystemID,NumberOfNursesMidwives,NumberOfSpecialistSurgicalWorkforce,NumberOfPhysicians) VALUES (60,60,1.4,50.1,0.8);
INSERT INTO HealthWorkers(HealthWorkerID,HealthSystemID,NumberOfNursesMidwives,NumberOfSpecialistSurgicalWorkforce,NumberOfPhysicians) VALUES (61,61,2.3,22.3,1.6);
INSERT INTO HealthWorkers(HealthWorkerID,HealthSystemID,NumberOfNursesMidwives,NumberOfSpecialistSurgicalWorkforce,NumberOfPhysicians) VALUES (62,62,0.5,NULL,0.4);
INSERT INTO HealthWorkers(HealthWorkerID,HealthSystemID,NumberOfNursesMidwives,NumberOfSpecialistSurgicalWorkforce,NumberOfPhysicians) VALUES (63,63,NULL,0.4,NULL);
INSERT INTO HealthWorkers(HealthWorkerID,HealthSystemID,NumberOfNursesMidwives,NumberOfSpecialistSurgicalWorkforce,NumberOfPhysicians) VALUES (64,64,6.5,65.0,3.5);
INSERT INTO HealthWorkers(HealthWorkerID,HealthSystemID,NumberOfNursesMidwives,NumberOfSpecialistSurgicalWorkforce,NumberOfPhysicians) VALUES (65,65,2.0,0.2,0.1);
INSERT INTO HealthWorkers(HealthWorkerID,HealthSystemID,NumberOfNursesMidwives,NumberOfSpecialistSurgicalWorkforce,NumberOfPhysicians) VALUES (66,66,0.8,0.5,0.1);
INSERT INTO HealthWorkers(HealthWorkerID,HealthSystemID,NumberOfNursesMidwives,NumberOfSpecialistSurgicalWorkforce,NumberOfPhysicians) VALUES (67,67,NULL,NULL,NULL);
INSERT INTO HealthWorkers(HealthWorkerID,HealthSystemID,NumberOfNursesMidwives,NumberOfSpecialistSurgicalWorkforce,NumberOfPhysicians) VALUES (68,68,2.9,5.4,0.8);
INSERT INTO HealthWorkers(HealthWorkerID,HealthSystemID,NumberOfNursesMidwives,NumberOfSpecialistSurgicalWorkforce,NumberOfPhysicians) VALUES (69,69,14.7,76.3,3.8);
INSERT INTO HealthWorkers(HealthWorkerID,HealthSystemID,NumberOfNursesMidwives,NumberOfSpecialistSurgicalWorkforce,NumberOfPhysicians) VALUES (70,70,9.7,58.6,3.2);
INSERT INTO HealthWorkers(HealthWorkerID,HealthSystemID,NumberOfNursesMidwives,NumberOfSpecialistSurgicalWorkforce,NumberOfPhysicians) VALUES (71,71,NULL,32.6,NULL);
INSERT INTO HealthWorkers(HealthWorkerID,HealthSystemID,NumberOfNursesMidwives,NumberOfSpecialistSurgicalWorkforce,NumberOfPhysicians) VALUES (72,72,2.6,NULL,0.4);
INSERT INTO HealthWorkers(HealthWorkerID,HealthSystemID,NumberOfNursesMidwives,NumberOfSpecialistSurgicalWorkforce,NumberOfPhysicians) VALUES (73,73,1.6,1.8,0.1);
INSERT INTO HealthWorkers(HealthWorkerID,HealthSystemID,NumberOfNursesMidwives,NumberOfSpecialistSurgicalWorkforce,NumberOfPhysicians) VALUES (74,74,4.1,130.4,5.1);
INSERT INTO HealthWorkers(HealthWorkerID,HealthSystemID,NumberOfNursesMidwives,NumberOfSpecialistSurgicalWorkforce,NumberOfPhysicians) VALUES (75,75,13.2,108.0,4.2);
INSERT INTO HealthWorkers(HealthWorkerID,HealthSystemID,NumberOfNursesMidwives,NumberOfSpecialistSurgicalWorkforce,NumberOfPhysicians) VALUES (76,76,1.2,NULL,0.2);
INSERT INTO HealthWorkers(HealthWorkerID,HealthSystemID,NumberOfNursesMidwives,NumberOfSpecialistSurgicalWorkforce,NumberOfPhysicians) VALUES (77,77,3.4,163.5,4.6);
INSERT INTO HealthWorkers(HealthWorkerID,HealthSystemID,NumberOfNursesMidwives,NumberOfSpecialistSurgicalWorkforce,NumberOfPhysicians) VALUES (78,78,NULL,NULL,NULL);
INSERT INTO HealthWorkers(HealthWorkerID,HealthSystemID,NumberOfNursesMidwives,NumberOfSpecialistSurgicalWorkforce,NumberOfPhysicians) VALUES (79,79,3.1,12.6,1.4);
INSERT INTO HealthWorkers(HealthWorkerID,HealthSystemID,NumberOfNursesMidwives,NumberOfSpecialistSurgicalWorkforce,NumberOfPhysicians) VALUES (80,80,NULL,NULL,NULL);
INSERT INTO HealthWorkers(HealthWorkerID,HealthSystemID,NumberOfNursesMidwives,NumberOfSpecialistSurgicalWorkforce,NumberOfPhysicians) VALUES (81,81,0.9,3.4,0.4);
INSERT INTO HealthWorkers(HealthWorkerID,HealthSystemID,NumberOfNursesMidwives,NumberOfSpecialistSurgicalWorkforce,NumberOfPhysicians) VALUES (82,82,0.4,NULL,0.1);
INSERT INTO HealthWorkers(HealthWorkerID,HealthSystemID,NumberOfNursesMidwives,NumberOfSpecialistSurgicalWorkforce,NumberOfPhysicians) VALUES (83,83,1.4,NULL,0.2);
INSERT INTO HealthWorkers(HealthWorkerID,HealthSystemID,NumberOfNursesMidwives,NumberOfSpecialistSurgicalWorkforce,NumberOfPhysicians) VALUES (84,84,1.3,8.8,0.8);
INSERT INTO HealthWorkers(HealthWorkerID,HealthSystemID,NumberOfNursesMidwives,NumberOfSpecialistSurgicalWorkforce,NumberOfPhysicians) VALUES (85,85,0.7,5.9,0.2);
INSERT INTO HealthWorkers(HealthWorkerID,HealthSystemID,NumberOfNursesMidwives,NumberOfSpecialistSurgicalWorkforce,NumberOfPhysicians) VALUES (86,86,0.9,13.7,0.3);
INSERT INTO HealthWorkers(HealthWorkerID,HealthSystemID,NumberOfNursesMidwives,NumberOfSpecialistSurgicalWorkforce,NumberOfPhysicians) VALUES (87,87,6.6,55.7,3.2);
INSERT INTO HealthWorkers(HealthWorkerID,HealthSystemID,NumberOfNursesMidwives,NumberOfSpecialistSurgicalWorkforce,NumberOfPhysicians) VALUES (88,88,15.7,101.6,4.0);
INSERT INTO HealthWorkers(HealthWorkerID,HealthSystemID,NumberOfNursesMidwives,NumberOfSpecialistSurgicalWorkforce,NumberOfPhysicians) VALUES (89,89,2.1,6.8,0.8);
INSERT INTO HealthWorkers(HealthWorkerID,HealthSystemID,NumberOfNursesMidwives,NumberOfSpecialistSurgicalWorkforce,NumberOfPhysicians) VALUES (90,90,2.1,NULL,0.4);
INSERT INTO HealthWorkers(HealthWorkerID,HealthSystemID,NumberOfNursesMidwives,NumberOfSpecialistSurgicalWorkforce,NumberOfPhysicians) VALUES (91,91,1.9,5.0,1.1);
INSERT INTO HealthWorkers(HealthWorkerID,HealthSystemID,NumberOfNursesMidwives,NumberOfSpecialistSurgicalWorkforce,NumberOfPhysicians) VALUES (92,92,1.7,7.6,0.8);
INSERT INTO HealthWorkers(HealthWorkerID,HealthSystemID,NumberOfNursesMidwives,NumberOfSpecialistSurgicalWorkforce,NumberOfPhysicians) VALUES (93,93,14.3,72.0,3.1);
INSERT INTO HealthWorkers(HealthWorkerID,HealthSystemID,NumberOfNursesMidwives,NumberOfSpecialistSurgicalWorkforce,NumberOfPhysicians) VALUES (94,94,2.3,52.4,1.4);
INSERT INTO HealthWorkers(HealthWorkerID,HealthSystemID,NumberOfNursesMidwives,NumberOfSpecialistSurgicalWorkforce,NumberOfPhysicians) VALUES (95,95,5.2,75.6,3.2);
INSERT INTO HealthWorkers(HealthWorkerID,HealthSystemID,NumberOfNursesMidwives,NumberOfSpecialistSurgicalWorkforce,NumberOfPhysicians) VALUES (96,96,5.9,142.4,4.1);
INSERT INTO HealthWorkers(HealthWorkerID,HealthSystemID,NumberOfNursesMidwives,NumberOfSpecialistSurgicalWorkforce,NumberOfPhysicians) VALUES (97,97,1.1,11.2,1.3);
INSERT INTO HealthWorkers(HealthWorkerID,HealthSystemID,NumberOfNursesMidwives,NumberOfSpecialistSurgicalWorkforce,NumberOfPhysicians) VALUES (98,98,11.5,37.4,2.4);
INSERT INTO HealthWorkers(HealthWorkerID,HealthSystemID,NumberOfNursesMidwives,NumberOfSpecialistSurgicalWorkforce,NumberOfPhysicians) VALUES (99,99,3.4,24.5,2.3);
INSERT INTO HealthWorkers(HealthWorkerID,HealthSystemID,NumberOfNursesMidwives,NumberOfSpecialistSurgicalWorkforce,NumberOfPhysicians) VALUES (100,100,8.5,73.2,3.3);
INSERT INTO HealthWorkers(HealthWorkerID,HealthSystemID,NumberOfNursesMidwives,NumberOfSpecialistSurgicalWorkforce,NumberOfPhysicians) VALUES (101,101,1.5,2.4,0.2);
INSERT INTO HealthWorkers(HealthWorkerID,HealthSystemID,NumberOfNursesMidwives,NumberOfSpecialistSurgicalWorkforce,NumberOfPhysicians) VALUES (102,102,4.8,8.2,0.2);
INSERT INTO HealthWorkers(HealthWorkerID,HealthSystemID,NumberOfNursesMidwives,NumberOfSpecialistSurgicalWorkforce,NumberOfPhysicians) VALUES (103,103,4.4,NULL,3.7);
INSERT INTO HealthWorkers(HealthWorkerID,HealthSystemID,NumberOfNursesMidwives,NumberOfSpecialistSurgicalWorkforce,NumberOfPhysicians) VALUES (104,104,7.0,49.6,2.4);
INSERT INTO HealthWorkers(HealthWorkerID,HealthSystemID,NumberOfNursesMidwives,NumberOfSpecialistSurgicalWorkforce,NumberOfPhysicians) VALUES (105,105,NULL,27.7,NULL);
INSERT INTO HealthWorkers(HealthWorkerID,HealthSystemID,NumberOfNursesMidwives,NumberOfSpecialistSurgicalWorkforce,NumberOfPhysicians) VALUES (106,106,7.0,NULL,2.6);
INSERT INTO HealthWorkers(HealthWorkerID,HealthSystemID,NumberOfNursesMidwives,NumberOfSpecialistSurgicalWorkforce,NumberOfPhysicians) VALUES (107,107,6.4,50.1,1.9);
INSERT INTO HealthWorkers(HealthWorkerID,HealthSystemID,NumberOfNursesMidwives,NumberOfSpecialistSurgicalWorkforce,NumberOfPhysicians) VALUES (108,108,1.0,3.7,0.5);
INSERT INTO HealthWorkers(HealthWorkerID,HealthSystemID,NumberOfNursesMidwives,NumberOfSpecialistSurgicalWorkforce,NumberOfPhysicians) VALUES (109,109,4.8,67.6,3.2);
INSERT INTO HealthWorkers(HealthWorkerID,HealthSystemID,NumberOfNursesMidwives,NumberOfSpecialistSurgicalWorkforce,NumberOfPhysicians) VALUES (110,110,2.6,87.4,2.3);
INSERT INTO HealthWorkers(HealthWorkerID,HealthSystemID,NumberOfNursesMidwives,NumberOfSpecialistSurgicalWorkforce,NumberOfPhysicians) VALUES (111,111,0.7,0.6,0.1);
INSERT INTO HealthWorkers(HealthWorkerID,HealthSystemID,NumberOfNursesMidwives,NumberOfSpecialistSurgicalWorkforce,NumberOfPhysicians) VALUES (112,112,0.1,0.6,0.0);
INSERT INTO HealthWorkers(HealthWorkerID,HealthSystemID,NumberOfNursesMidwives,NumberOfSpecialistSurgicalWorkforce,NumberOfPhysicians) VALUES (113,113,6.7,NULL,2.2);
INSERT INTO HealthWorkers(HealthWorkerID,HealthSystemID,NumberOfNursesMidwives,NumberOfSpecialistSurgicalWorkforce,NumberOfPhysicians) VALUES (114,114,NULL,71.9,NULL);
INSERT INTO HealthWorkers(HealthWorkerID,HealthSystemID,NumberOfNursesMidwives,NumberOfSpecialistSurgicalWorkforce,NumberOfPhysicians) VALUES (115,115,7.9,130.9,4.3);
INSERT INTO HealthWorkers(HealthWorkerID,HealthSystemID,NumberOfNursesMidwives,NumberOfSpecialistSurgicalWorkforce,NumberOfPhysicians) VALUES (116,116,12.3,80.8,3.0);
INSERT INTO HealthWorkers(HealthWorkerID,HealthSystemID,NumberOfNursesMidwives,NumberOfSpecialistSurgicalWorkforce,NumberOfPhysicians) VALUES (117,117,0.1,0.8,0.2);
INSERT INTO HealthWorkers(HealthWorkerID,HealthSystemID,NumberOfNursesMidwives,NumberOfSpecialistSurgicalWorkforce,NumberOfPhysicians) VALUES (118,118,0.3,0.4,0.0);
INSERT INTO HealthWorkers(HealthWorkerID,HealthSystemID,NumberOfNursesMidwives,NumberOfSpecialistSurgicalWorkforce,NumberOfPhysicians) VALUES (119,119,4.1,11.4,1.5);
INSERT INTO HealthWorkers(HealthWorkerID,HealthSystemID,NumberOfNursesMidwives,NumberOfSpecialistSurgicalWorkforce,NumberOfPhysicians) VALUES (120,120,4.0,4.8,1.0);
INSERT INTO HealthWorkers(HealthWorkerID,HealthSystemID,NumberOfNursesMidwives,NumberOfSpecialistSurgicalWorkforce,NumberOfPhysicians) VALUES (121,121,0.4,1.1,0.1);
INSERT INTO HealthWorkers(HealthWorkerID,HealthSystemID,NumberOfNursesMidwives,NumberOfSpecialistSurgicalWorkforce,NumberOfPhysicians) VALUES (122,122,9.0,113.5,3.8);
INSERT INTO HealthWorkers(HealthWorkerID,HealthSystemID,NumberOfNursesMidwives,NumberOfSpecialistSurgicalWorkforce,NumberOfPhysicians) VALUES (123,123,3.5,15.9,0.5);
INSERT INTO HealthWorkers(HealthWorkerID,HealthSystemID,NumberOfNursesMidwives,NumberOfSpecialistSurgicalWorkforce,NumberOfPhysicians) VALUES (124,124,1.0,NULL,0.2);
INSERT INTO HealthWorkers(HealthWorkerID,HealthSystemID,NumberOfNursesMidwives,NumberOfSpecialistSurgicalWorkforce,NumberOfPhysicians) VALUES (125,125,3.4,17.6,2.0);
INSERT INTO HealthWorkers(HealthWorkerID,HealthSystemID,NumberOfNursesMidwives,NumberOfSpecialistSurgicalWorkforce,NumberOfPhysicians) VALUES (126,126,2.9,NULL,2.2);
INSERT INTO HealthWorkers(HealthWorkerID,HealthSystemID,NumberOfNursesMidwives,NumberOfSpecialistSurgicalWorkforce,NumberOfPhysicians) VALUES (127,127,3.3,7.0,0.2);
INSERT INTO HealthWorkers(HealthWorkerID,HealthSystemID,NumberOfNursesMidwives,NumberOfSpecialistSurgicalWorkforce,NumberOfPhysicians) VALUES (128,128,4.5,86.1,3.2);
INSERT INTO HealthWorkers(HealthWorkerID,HealthSystemID,NumberOfNursesMidwives,NumberOfSpecialistSurgicalWorkforce,NumberOfPhysicians) VALUES (129,129,20.3,195.6,6.6);
INSERT INTO HealthWorkers(HealthWorkerID,HealthSystemID,NumberOfNursesMidwives,NumberOfSpecialistSurgicalWorkforce,NumberOfPhysicians) VALUES (130,130,4.0,45.0,2.9);
INSERT INTO HealthWorkers(HealthWorkerID,HealthSystemID,NumberOfNursesMidwives,NumberOfSpecialistSurgicalWorkforce,NumberOfPhysicians) VALUES (131,131,5.7,64.1,2.3);
INSERT INTO HealthWorkers(HealthWorkerID,HealthSystemID,NumberOfNursesMidwives,NumberOfSpecialistSurgicalWorkforce,NumberOfPhysicians) VALUES (132,132,1.1,3.7,0.7);
INSERT INTO HealthWorkers(HealthWorkerID,HealthSystemID,NumberOfNursesMidwives,NumberOfSpecialistSurgicalWorkforce,NumberOfPhysicians) VALUES (133,133,0.4,0.5,0.1);
INSERT INTO HealthWorkers(HealthWorkerID,HealthSystemID,NumberOfNursesMidwives,NumberOfSpecialistSurgicalWorkforce,NumberOfPhysicians) VALUES (134,134,1.0,2.4,0.9);
INSERT INTO HealthWorkers(HealthWorkerID,HealthSystemID,NumberOfNursesMidwives,NumberOfSpecialistSurgicalWorkforce,NumberOfPhysicians) VALUES (135,135,2.8,6.1,0.4);
INSERT INTO HealthWorkers(HealthWorkerID,HealthSystemID,NumberOfNursesMidwives,NumberOfSpecialistSurgicalWorkforce,NumberOfPhysicians) VALUES (136,136,2.7,3.0,0.7);
INSERT INTO HealthWorkers(HealthWorkerID,HealthSystemID,NumberOfNursesMidwives,NumberOfSpecialistSurgicalWorkforce,NumberOfPhysicians) VALUES (137,137,11.1,49.0,3.5);
INSERT INTO HealthWorkers(HealthWorkerID,HealthSystemID,NumberOfNursesMidwives,NumberOfSpecialistSurgicalWorkforce,NumberOfPhysicians) VALUES (138,138,NULL,NULL,NULL);
INSERT INTO HealthWorkers(HealthWorkerID,HealthSystemID,NumberOfNursesMidwives,NumberOfSpecialistSurgicalWorkforce,NumberOfPhysicians) VALUES (139,139,11.0,43.0,3.0);
INSERT INTO HealthWorkers(HealthWorkerID,HealthSystemID,NumberOfNursesMidwives,NumberOfSpecialistSurgicalWorkforce,NumberOfPhysicians) VALUES (140,140,1.6,15.5,1.0);
INSERT INTO HealthWorkers(HealthWorkerID,HealthSystemID,NumberOfNursesMidwives,NumberOfSpecialistSurgicalWorkforce,NumberOfPhysicians) VALUES (141,141,0.3,0.4,0.1);
INSERT INTO HealthWorkers(HealthWorkerID,HealthSystemID,NumberOfNursesMidwives,NumberOfSpecialistSurgicalWorkforce,NumberOfPhysicians) VALUES (142,142,1.5,1.4,0.4);
INSERT INTO HealthWorkers(HealthWorkerID,HealthSystemID,NumberOfNursesMidwives,NumberOfSpecialistSurgicalWorkforce,NumberOfPhysicians) VALUES (143,143,3.8,61.2,2.9);
INSERT INTO HealthWorkers(HealthWorkerID,HealthSystemID,NumberOfNursesMidwives,NumberOfSpecialistSurgicalWorkforce,NumberOfPhysicians) VALUES (144,144,NULL,NULL,NULL);
INSERT INTO HealthWorkers(HealthWorkerID,HealthSystemID,NumberOfNursesMidwives,NumberOfSpecialistSurgicalWorkforce,NumberOfPhysicians) VALUES (145,145,18.1,67.2,4.6);
INSERT INTO HealthWorkers(HealthWorkerID,HealthSystemID,NumberOfNursesMidwives,NumberOfSpecialistSurgicalWorkforce,NumberOfPhysicians) VALUES (146,146,4.3,30.5,2.0);
INSERT INTO HealthWorkers(HealthWorkerID,HealthSystemID,NumberOfNursesMidwives,NumberOfSpecialistSurgicalWorkforce,NumberOfPhysicians) VALUES (147,147,0.5,5.5,1.0);
INSERT INTO HealthWorkers(HealthWorkerID,HealthSystemID,NumberOfNursesMidwives,NumberOfSpecialistSurgicalWorkforce,NumberOfPhysicians) VALUES (148,148,5.3,NULL,1.2);
INSERT INTO HealthWorkers(HealthWorkerID,HealthSystemID,NumberOfNursesMidwives,NumberOfSpecialistSurgicalWorkforce,NumberOfPhysicians) VALUES (149,149,1.4,26.2,1.6);
INSERT INTO HealthWorkers(HealthWorkerID,HealthSystemID,NumberOfNursesMidwives,NumberOfSpecialistSurgicalWorkforce,NumberOfPhysicians) VALUES (150,150,0.5,2.3,0.1);
INSERT INTO HealthWorkers(HealthWorkerID,HealthSystemID,NumberOfNursesMidwives,NumberOfSpecialistSurgicalWorkforce,NumberOfPhysicians) VALUES (151,151,1.2,20.5,1.4);
INSERT INTO HealthWorkers(HealthWorkerID,HealthSystemID,NumberOfNursesMidwives,NumberOfSpecialistSurgicalWorkforce,NumberOfPhysicians) VALUES (152,152,1.4,42.9,1.3);
INSERT INTO HealthWorkers(HealthWorkerID,HealthSystemID,NumberOfNursesMidwives,NumberOfSpecialistSurgicalWorkforce,NumberOfPhysicians) VALUES (153,153,0.2,9.6,1.3);
INSERT INTO HealthWorkers(HealthWorkerID,HealthSystemID,NumberOfNursesMidwives,NumberOfSpecialistSurgicalWorkforce,NumberOfPhysicians) VALUES (154,154,5.7,67.9,2.4);
INSERT INTO HealthWorkers(HealthWorkerID,HealthSystemID,NumberOfNursesMidwives,NumberOfSpecialistSurgicalWorkforce,NumberOfPhysicians) VALUES (155,155,6.4,86.1,3.3);
INSERT INTO HealthWorkers(HealthWorkerID,HealthSystemID,NumberOfNursesMidwives,NumberOfSpecialistSurgicalWorkforce,NumberOfPhysicians) VALUES (156,156,NULL,NULL,NULL);
INSERT INTO HealthWorkers(HealthWorkerID,HealthSystemID,NumberOfNursesMidwives,NumberOfSpecialistSurgicalWorkforce,NumberOfPhysicians) VALUES (157,157,6.6,14.5,0.0);
INSERT INTO HealthWorkers(HealthWorkerID,HealthSystemID,NumberOfNursesMidwives,NumberOfSpecialistSurgicalWorkforce,NumberOfPhysicians) VALUES (158,158,6.1,60.5,2.3);
INSERT INTO HealthWorkers(HealthWorkerID,HealthSystemID,NumberOfNursesMidwives,NumberOfSpecialistSurgicalWorkforce,NumberOfPhysicians) VALUES (159,159,8.6,63.1,4.0);
INSERT INTO HealthWorkers(HealthWorkerID,HealthSystemID,NumberOfNursesMidwives,NumberOfSpecialistSurgicalWorkforce,NumberOfPhysicians) VALUES (160,160,0.8,0.8,0.1);
INSERT INTO HealthWorkers(HealthWorkerID,HealthSystemID,NumberOfNursesMidwives,NumberOfSpecialistSurgicalWorkforce,NumberOfPhysicians) VALUES (161,161,1.9,1.6,0.3);
INSERT INTO HealthWorkers(HealthWorkerID,HealthSystemID,NumberOfNursesMidwives,NumberOfSpecialistSurgicalWorkforce,NumberOfPhysicians) VALUES (162,162,8.8,112.9,6.1);
INSERT INTO HealthWorkers(HealthWorkerID,HealthSystemID,NumberOfNursesMidwives,NumberOfSpecialistSurgicalWorkforce,NumberOfPhysicians) VALUES (163,163,2.3,NULL,0.3);
INSERT INTO HealthWorkers(HealthWorkerID,HealthSystemID,NumberOfNursesMidwives,NumberOfSpecialistSurgicalWorkforce,NumberOfPhysicians) VALUES (164,164,5.7,NULL,2.4);
INSERT INTO HealthWorkers(HealthWorkerID,HealthSystemID,NumberOfNursesMidwives,NumberOfSpecialistSurgicalWorkforce,NumberOfPhysicians) VALUES (165,165,0.3,1.1,0.1);
INSERT INTO HealthWorkers(HealthWorkerID,HealthSystemID,NumberOfNursesMidwives,NumberOfSpecialistSurgicalWorkforce,NumberOfPhysicians) VALUES (166,166,6.1,86.7,3.1);
INSERT INTO HealthWorkers(HealthWorkerID,HealthSystemID,NumberOfNursesMidwives,NumberOfSpecialistSurgicalWorkforce,NumberOfPhysicians) VALUES (167,167,3.3,48.6,0.9);
INSERT INTO HealthWorkers(HealthWorkerID,HealthSystemID,NumberOfNursesMidwives,NumberOfSpecialistSurgicalWorkforce,NumberOfPhysicians) VALUES (168,168,1.0,0.1,0.0);
INSERT INTO HealthWorkers(HealthWorkerID,HealthSystemID,NumberOfNursesMidwives,NumberOfSpecialistSurgicalWorkforce,NumberOfPhysicians) VALUES (169,169,7.2,31.5,2.3);
INSERT INTO HealthWorkers(HealthWorkerID,HealthSystemID,NumberOfNursesMidwives,NumberOfSpecialistSurgicalWorkforce,NumberOfPhysicians) VALUES (170,170,NULL,NULL,NULL);
INSERT INTO HealthWorkers(HealthWorkerID,HealthSystemID,NumberOfNursesMidwives,NumberOfSpecialistSurgicalWorkforce,NumberOfPhysicians) VALUES (171,171,9.2,53.9,2.5);
INSERT INTO HealthWorkers(HealthWorkerID,HealthSystemID,NumberOfNursesMidwives,NumberOfSpecialistSurgicalWorkforce,NumberOfPhysicians) VALUES (172,172,9.7,66.7,3.0);
INSERT INTO HealthWorkers(HealthWorkerID,HealthSystemID,NumberOfNursesMidwives,NumberOfSpecialistSurgicalWorkforce,NumberOfPhysicians) VALUES (173,173,2.1,2.5,0.2);
INSERT INTO HealthWorkers(HealthWorkerID,HealthSystemID,NumberOfNursesMidwives,NumberOfSpecialistSurgicalWorkforce,NumberOfPhysicians) VALUES (174,174,0.1,0.2,0.0);
INSERT INTO HealthWorkers(HealthWorkerID,HealthSystemID,NumberOfNursesMidwives,NumberOfSpecialistSurgicalWorkforce,NumberOfPhysicians) VALUES (175,175,3.5,11.4,0.9);
INSERT INTO HealthWorkers(HealthWorkerID,HealthSystemID,NumberOfNursesMidwives,NumberOfSpecialistSurgicalWorkforce,NumberOfPhysicians) VALUES (176,176,NULL,0.3,NULL);
INSERT INTO HealthWorkers(HealthWorkerID,HealthSystemID,NumberOfNursesMidwives,NumberOfSpecialistSurgicalWorkforce,NumberOfPhysicians) VALUES (177,177,5.5,79.9,4.1);
INSERT INTO HealthWorkers(HealthWorkerID,HealthSystemID,NumberOfNursesMidwives,NumberOfSpecialistSurgicalWorkforce,NumberOfPhysicians) VALUES (178,178,2.1,2.8,1.0);
INSERT INTO HealthWorkers(HealthWorkerID,HealthSystemID,NumberOfNursesMidwives,NumberOfSpecialistSurgicalWorkforce,NumberOfPhysicians) VALUES (179,179,4.0,33.5,2.5);
INSERT INTO HealthWorkers(HealthWorkerID,HealthSystemID,NumberOfNursesMidwives,NumberOfSpecialistSurgicalWorkforce,NumberOfPhysicians) VALUES (180,180,1.6,23.6,0.1);
INSERT INTO HealthWorkers(HealthWorkerID,HealthSystemID,NumberOfNursesMidwives,NumberOfSpecialistSurgicalWorkforce,NumberOfPhysicians) VALUES (181,181,NULL,NULL,NULL);
INSERT INTO HealthWorkers(HealthWorkerID,HealthSystemID,NumberOfNursesMidwives,NumberOfSpecialistSurgicalWorkforce,NumberOfPhysicians) VALUES (182,182,2.6,23.6,0.7);
INSERT INTO HealthWorkers(HealthWorkerID,HealthSystemID,NumberOfNursesMidwives,NumberOfSpecialistSurgicalWorkforce,NumberOfPhysicians) VALUES (183,183,0.8,2.7,0.4);
INSERT INTO HealthWorkers(HealthWorkerID,HealthSystemID,NumberOfNursesMidwives,NumberOfSpecialistSurgicalWorkforce,NumberOfPhysicians) VALUES (184,184,4.1,NULL,1.2);
INSERT INTO HealthWorkers(HealthWorkerID,HealthSystemID,NumberOfNursesMidwives,NumberOfSpecialistSurgicalWorkforce,NumberOfPhysicians) VALUES (185,185,11.5,113.1,5.4);
INSERT INTO HealthWorkers(HealthWorkerID,HealthSystemID,NumberOfNursesMidwives,NumberOfSpecialistSurgicalWorkforce,NumberOfPhysicians) VALUES (186,186,17.3,94.8,4.2);
INSERT INTO HealthWorkers(HealthWorkerID,HealthSystemID,NumberOfNursesMidwives,NumberOfSpecialistSurgicalWorkforce,NumberOfPhysicians) VALUES (187,187,1.5,NULL,1.2);
INSERT INTO HealthWorkers(HealthWorkerID,HealthSystemID,NumberOfNursesMidwives,NumberOfSpecialistSurgicalWorkforce,NumberOfPhysicians) VALUES (188,188,5.2,41.7,1.7);
INSERT INTO HealthWorkers(HealthWorkerID,HealthSystemID,NumberOfNursesMidwives,NumberOfSpecialistSurgicalWorkforce,NumberOfPhysicians) VALUES (189,189,0.4,0.5,0.0);
INSERT INTO HealthWorkers(HealthWorkerID,HealthSystemID,NumberOfNursesMidwives,NumberOfSpecialistSurgicalWorkforce,NumberOfPhysicians) VALUES (190,190,3.0,13.1,0.8);
INSERT INTO HealthWorkers(HealthWorkerID,HealthSystemID,NumberOfNursesMidwives,NumberOfSpecialistSurgicalWorkforce,NumberOfPhysicians) VALUES (191,191,1.7,0.9,0.7);
INSERT INTO HealthWorkers(HealthWorkerID,HealthSystemID,NumberOfNursesMidwives,NumberOfSpecialistSurgicalWorkforce,NumberOfPhysicians) VALUES (192,192,0.3,0.5,0.0);
INSERT INTO HealthWorkers(HealthWorkerID,HealthSystemID,NumberOfNursesMidwives,NumberOfSpecialistSurgicalWorkforce,NumberOfPhysicians) VALUES (193,193,3.9,14.0,0.5);
INSERT INTO HealthWorkers(HealthWorkerID,HealthSystemID,NumberOfNursesMidwives,NumberOfSpecialistSurgicalWorkforce,NumberOfPhysicians) VALUES (194,194,3.5,30.9,2.7);
INSERT INTO HealthWorkers(HealthWorkerID,HealthSystemID,NumberOfNursesMidwives,NumberOfSpecialistSurgicalWorkforce,NumberOfPhysicians) VALUES (195,195,2.6,11.5,1.3);
INSERT INTO HealthWorkers(HealthWorkerID,HealthSystemID,NumberOfNursesMidwives,NumberOfSpecialistSurgicalWorkforce,NumberOfPhysicians) VALUES (196,196,2.6,47.6,1.8);
INSERT INTO HealthWorkers(HealthWorkerID,HealthSystemID,NumberOfNursesMidwives,NumberOfSpecialistSurgicalWorkforce,NumberOfPhysicians) VALUES (197,197,4.6,58.8,2.2);
INSERT INTO HealthWorkers(HealthWorkerID,HealthSystemID,NumberOfNursesMidwives,NumberOfSpecialistSurgicalWorkforce,NumberOfPhysicians) VALUES (198,198,NULL,NULL,NULL);
INSERT INTO HealthWorkers(HealthWorkerID,HealthSystemID,NumberOfNursesMidwives,NumberOfSpecialistSurgicalWorkforce,NumberOfPhysicians) VALUES (199,199,3.8,26.1,0.9);
INSERT INTO HealthWorkers(HealthWorkerID,HealthSystemID,NumberOfNursesMidwives,NumberOfSpecialistSurgicalWorkforce,NumberOfPhysicians) VALUES (200,200,0.6,1.1,0.1);
INSERT INTO HealthWorkers(HealthWorkerID,HealthSystemID,NumberOfNursesMidwives,NumberOfSpecialistSurgicalWorkforce,NumberOfPhysicians) VALUES (201,201,7.1,86.6,3.0);
INSERT INTO HealthWorkers(HealthWorkerID,HealthSystemID,NumberOfNursesMidwives,NumberOfSpecialistSurgicalWorkforce,NumberOfPhysicians) VALUES (202,202,5.6,NULL,2.4);
INSERT INTO HealthWorkers(HealthWorkerID,HealthSystemID,NumberOfNursesMidwives,NumberOfSpecialistSurgicalWorkforce,NumberOfPhysicians) VALUES (203,203,8.3,133.3,2.8);
INSERT INTO HealthWorkers(HealthWorkerID,HealthSystemID,NumberOfNursesMidwives,NumberOfSpecialistSurgicalWorkforce,NumberOfPhysicians) VALUES (204,204,8.6,54.7,2.6);
INSERT INTO HealthWorkers(HealthWorkerID,HealthSystemID,NumberOfNursesMidwives,NumberOfSpecialistSurgicalWorkforce,NumberOfPhysicians) VALUES (205,205,1.9,38.9,5.0);
INSERT INTO HealthWorkers(HealthWorkerID,HealthSystemID,NumberOfNursesMidwives,NumberOfSpecialistSurgicalWorkforce,NumberOfPhysicians) VALUES (206,206,12.1,50.4,2.4);
INSERT INTO HealthWorkers(HealthWorkerID,HealthSystemID,NumberOfNursesMidwives,NumberOfSpecialistSurgicalWorkforce,NumberOfPhysicians) VALUES (207,207,1.4,3.2,0.2);
INSERT INTO HealthWorkers(HealthWorkerID,HealthSystemID,NumberOfNursesMidwives,NumberOfSpecialistSurgicalWorkforce,NumberOfPhysicians) VALUES (208,208,NULL,18.1,NULL);
INSERT INTO HealthWorkers(HealthWorkerID,HealthSystemID,NumberOfNursesMidwives,NumberOfSpecialistSurgicalWorkforce,NumberOfPhysicians) VALUES (209,209,1.4,NULL,0.8);
INSERT INTO HealthWorkers(HealthWorkerID,HealthSystemID,NumberOfNursesMidwives,NumberOfSpecialistSurgicalWorkforce,NumberOfPhysicians) VALUES (210,210,NULL,NULL,NULL);
INSERT INTO HealthWorkers(HealthWorkerID,HealthSystemID,NumberOfNursesMidwives,NumberOfSpecialistSurgicalWorkforce,NumberOfPhysicians) VALUES (211,211,NULL,NULL,NULL);
INSERT INTO HealthWorkers(HealthWorkerID,HealthSystemID,NumberOfNursesMidwives,NumberOfSpecialistSurgicalWorkforce,NumberOfPhysicians) VALUES (212,212,0.7,0.8,0.3);
INSERT INTO HealthWorkers(HealthWorkerID,HealthSystemID,NumberOfNursesMidwives,NumberOfSpecialistSurgicalWorkforce,NumberOfPhysicians) VALUES (213,213,0.9,1.5,0.1);
INSERT INTO HealthWorkers(HealthWorkerID,HealthSystemID,NumberOfNursesMidwives,NumberOfSpecialistSurgicalWorkforce,NumberOfPhysicians) VALUES (214,214,1.2,1.6,0.1);


INSERT INTO PopulationCauseOfDeath(DeathID,HealthRiskFactorID,Injuries,NonCommunicableDiseases,CommunicableDiseases) VALUES (1,1,20.0,44.0,36.0);
INSERT INTO PopulationCauseOfDeath(DeathID,HealthRiskFactorID,Injuries,NonCommunicableDiseases,CommunicableDiseases) VALUES (2,2,4.0,93.0,3.0);
INSERT INTO PopulationCauseOfDeath(DeathID,HealthRiskFactorID,Injuries,NonCommunicableDiseases,CommunicableDiseases) VALUES (3,3,10.0,76.0,15.0);
INSERT INTO PopulationCauseOfDeath(DeathID,HealthRiskFactorID,Injuries,NonCommunicableDiseases,CommunicableDiseases) VALUES (4,4,NULL,NULL,NULL);
INSERT INTO PopulationCauseOfDeath(DeathID,HealthRiskFactorID,Injuries,NonCommunicableDiseases,CommunicableDiseases) VALUES (5,5,NULL,NULL,NULL);
INSERT INTO PopulationCauseOfDeath(DeathID,HealthRiskFactorID,Injuries,NonCommunicableDiseases,CommunicableDiseases) VALUES (6,6,9.0,27.0,63.0);
INSERT INTO PopulationCauseOfDeath(DeathID,HealthRiskFactorID,Injuries,NonCommunicableDiseases,CommunicableDiseases) VALUES (7,7,6.0,82.0,12.0);
INSERT INTO PopulationCauseOfDeath(DeathID,HealthRiskFactorID,Injuries,NonCommunicableDiseases,CommunicableDiseases) VALUES (8,8,7.0,78.0,16.0);
INSERT INTO PopulationCauseOfDeath(DeathID,HealthRiskFactorID,Injuries,NonCommunicableDiseases,CommunicableDiseases) VALUES (9,9,4.0,93.0,3.0);
INSERT INTO PopulationCauseOfDeath(DeathID,HealthRiskFactorID,Injuries,NonCommunicableDiseases,CommunicableDiseases) VALUES (10,10,NULL,NULL,NULL);
INSERT INTO PopulationCauseOfDeath(DeathID,HealthRiskFactorID,Injuries,NonCommunicableDiseases,CommunicableDiseases) VALUES (11,11,6.0,90.0,5.0);
INSERT INTO PopulationCauseOfDeath(DeathID,HealthRiskFactorID,Injuries,NonCommunicableDiseases,CommunicableDiseases) VALUES (12,12,5.0,92.0,3.0);
INSERT INTO PopulationCauseOfDeath(DeathID,HealthRiskFactorID,Injuries,NonCommunicableDiseases,CommunicableDiseases) VALUES (13,13,5.0,87.0,9.0);
INSERT INTO PopulationCauseOfDeath(DeathID,HealthRiskFactorID,Injuries,NonCommunicableDiseases,CommunicableDiseases) VALUES (14,14,9.0,74.0,17.0);
INSERT INTO PopulationCauseOfDeath(DeathID,HealthRiskFactorID,Injuries,NonCommunicableDiseases,CommunicableDiseases) VALUES (15,15,10.0,83.0,7.0);
INSERT INTO PopulationCauseOfDeath(DeathID,HealthRiskFactorID,Injuries,NonCommunicableDiseases,CommunicableDiseases) VALUES (16,16,8.0,67.0,26.0);
INSERT INTO PopulationCauseOfDeath(DeathID,HealthRiskFactorID,Injuries,NonCommunicableDiseases,CommunicableDiseases) VALUES (17,17,4.0,83.0,13.0);
INSERT INTO PopulationCauseOfDeath(DeathID,HealthRiskFactorID,Injuries,NonCommunicableDiseases,CommunicableDiseases) VALUES (18,18,7.0,91.0,3.0);
INSERT INTO PopulationCauseOfDeath(DeathID,HealthRiskFactorID,Injuries,NonCommunicableDiseases,CommunicableDiseases) VALUES (19,19,6.0,86.0,8.0);
INSERT INTO PopulationCauseOfDeath(DeathID,HealthRiskFactorID,Injuries,NonCommunicableDiseases,CommunicableDiseases) VALUES (20,20,13.0,67.0,19.0);
INSERT INTO PopulationCauseOfDeath(DeathID,HealthRiskFactorID,Injuries,NonCommunicableDiseases,CommunicableDiseases) VALUES (21,21,10.0,36.0,54.0);
INSERT INTO PopulationCauseOfDeath(DeathID,HealthRiskFactorID,Injuries,NonCommunicableDiseases,CommunicableDiseases) VALUES (22,22,NULL,NULL,NULL);
INSERT INTO PopulationCauseOfDeath(DeathID,HealthRiskFactorID,Injuries,NonCommunicableDiseases,CommunicableDiseases) VALUES (23,23,11.0,69.0,21.0);
INSERT INTO PopulationCauseOfDeath(DeathID,HealthRiskFactorID,Injuries,NonCommunicableDiseases,CommunicableDiseases) VALUES (24,24,13.0,65.0,22.0);
INSERT INTO PopulationCauseOfDeath(DeathID,HealthRiskFactorID,Injuries,NonCommunicableDiseases,CommunicableDiseases) VALUES (25,25,4.0,95.0,2.0);
INSERT INTO PopulationCauseOfDeath(DeathID,HealthRiskFactorID,Injuries,NonCommunicableDiseases,CommunicableDiseases) VALUES (26,26,8.0,46.0,46.0);
INSERT INTO PopulationCauseOfDeath(DeathID,HealthRiskFactorID,Injuries,NonCommunicableDiseases,CommunicableDiseases) VALUES (27,27,12.0,74.0,14.0);
INSERT INTO PopulationCauseOfDeath(DeathID,HealthRiskFactorID,Injuries,NonCommunicableDiseases,CommunicableDiseases) VALUES (28,28,7.0,85.0,8.0);
INSERT INTO PopulationCauseOfDeath(DeathID,HealthRiskFactorID,Injuries,NonCommunicableDiseases,CommunicableDiseases) VALUES (29,29,3.0,95.0,2.0);
INSERT INTO PopulationCauseOfDeath(DeathID,HealthRiskFactorID,Injuries,NonCommunicableDiseases,CommunicableDiseases) VALUES (30,30,11.0,33.0,56.0);
INSERT INTO PopulationCauseOfDeath(DeathID,HealthRiskFactorID,Injuries,NonCommunicableDiseases,CommunicableDiseases) VALUES (31,31,12.0,32.0,56.0);
INSERT INTO PopulationCauseOfDeath(DeathID,HealthRiskFactorID,Injuries,NonCommunicableDiseases,CommunicableDiseases) VALUES (32,32,10.0,70.0,20.0);
INSERT INTO PopulationCauseOfDeath(DeathID,HealthRiskFactorID,Injuries,NonCommunicableDiseases,CommunicableDiseases) VALUES (33,33,10.0,64.0,26.0);
INSERT INTO PopulationCauseOfDeath(DeathID,HealthRiskFactorID,Injuries,NonCommunicableDiseases,CommunicableDiseases) VALUES (34,34,11.0,35.0,54.0);
INSERT INTO PopulationCauseOfDeath(DeathID,HealthRiskFactorID,Injuries,NonCommunicableDiseases,CommunicableDiseases) VALUES (35,35,6.0,88.0,6.0);
INSERT INTO PopulationCauseOfDeath(DeathID,HealthRiskFactorID,Injuries,NonCommunicableDiseases,CommunicableDiseases) VALUES (36,36,NULL,NULL,NULL);
INSERT INTO PopulationCauseOfDeath(DeathID,HealthRiskFactorID,Injuries,NonCommunicableDiseases,CommunicableDiseases) VALUES (37,37,10.0,26.0,64.0);
INSERT INTO PopulationCauseOfDeath(DeathID,HealthRiskFactorID,Injuries,NonCommunicableDiseases,CommunicableDiseases) VALUES (38,38,9.0,27.0,63.0);
INSERT INTO PopulationCauseOfDeath(DeathID,HealthRiskFactorID,Injuries,NonCommunicableDiseases,CommunicableDiseases) VALUES (39,39,NULL,NULL,NULL);
INSERT INTO PopulationCauseOfDeath(DeathID,HealthRiskFactorID,Injuries,NonCommunicableDiseases,CommunicableDiseases) VALUES (40,40,7.0,85.0,8.0);
INSERT INTO PopulationCauseOfDeath(DeathID,HealthRiskFactorID,Injuries,NonCommunicableDiseases,CommunicableDiseases) VALUES (41,41,7.0,89.0,4.0);
INSERT INTO PopulationCauseOfDeath(DeathID,HealthRiskFactorID,Injuries,NonCommunicableDiseases,CommunicableDiseases) VALUES (42,42,NULL,NULL,NULL);
INSERT INTO PopulationCauseOfDeath(DeathID,HealthRiskFactorID,Injuries,NonCommunicableDiseases,CommunicableDiseases) VALUES (43,43,NULL,NULL,NULL);
INSERT INTO PopulationCauseOfDeath(DeathID,HealthRiskFactorID,Injuries,NonCommunicableDiseases,CommunicableDiseases) VALUES (44,44,15.0,75.0,10.0);
INSERT INTO PopulationCauseOfDeath(DeathID,HealthRiskFactorID,Injuries,NonCommunicableDiseases,CommunicableDiseases) VALUES (45,45,11.0,42.0,47.0);
INSERT INTO PopulationCauseOfDeath(DeathID,HealthRiskFactorID,Injuries,NonCommunicableDiseases,CommunicableDiseases) VALUES (46,46,10.0,28.0,62.0);
INSERT INTO PopulationCauseOfDeath(DeathID,HealthRiskFactorID,Injuries,NonCommunicableDiseases,CommunicableDiseases) VALUES (47,47,10.0,35.0,56.0);
INSERT INTO PopulationCauseOfDeath(DeathID,HealthRiskFactorID,Injuries,NonCommunicableDiseases,CommunicableDiseases) VALUES (48,48,10.0,83.0,6.0);
INSERT INTO PopulationCauseOfDeath(DeathID,HealthRiskFactorID,Injuries,NonCommunicableDiseases,CommunicableDiseases) VALUES (49,49,10.0,37.0,52.0);
INSERT INTO PopulationCauseOfDeath(DeathID,HealthRiskFactorID,Injuries,NonCommunicableDiseases,CommunicableDiseases) VALUES (50,50,5.0,92.0,2.0);
INSERT INTO PopulationCauseOfDeath(DeathID,HealthRiskFactorID,Injuries,NonCommunicableDiseases,CommunicableDiseases) VALUES (51,51,8.0,84.0,8.0);
INSERT INTO PopulationCauseOfDeath(DeathID,HealthRiskFactorID,Injuries,NonCommunicableDiseases,CommunicableDiseases) VALUES (52,52,NULL,NULL,NULL);
INSERT INTO PopulationCauseOfDeath(DeathID,HealthRiskFactorID,Injuries,NonCommunicableDiseases,CommunicableDiseases) VALUES (53,53,5.0,91.0,4.0);
INSERT INTO PopulationCauseOfDeath(DeathID,HealthRiskFactorID,Injuries,NonCommunicableDiseases,CommunicableDiseases) VALUES (54,54,5.0,90.0,5.0);
INSERT INTO PopulationCauseOfDeath(DeathID,HealthRiskFactorID,Injuries,NonCommunicableDiseases,CommunicableDiseases) VALUES (55,55,4.0,90.0,7.0);
INSERT INTO PopulationCauseOfDeath(DeathID,HealthRiskFactorID,Injuries,NonCommunicableDiseases,CommunicableDiseases) VALUES (56,56,10.0,44.0,45.0);
INSERT INTO PopulationCauseOfDeath(DeathID,HealthRiskFactorID,Injuries,NonCommunicableDiseases,CommunicableDiseases) VALUES (57,57,NULL,NULL,NULL);
INSERT INTO PopulationCauseOfDeath(DeathID,HealthRiskFactorID,Injuries,NonCommunicableDiseases,CommunicableDiseases) VALUES (58,58,12.0,72.0,16.0);
INSERT INTO PopulationCauseOfDeath(DeathID,HealthRiskFactorID,Injuries,NonCommunicableDiseases,CommunicableDiseases) VALUES (59,59,13.0,72.0,15.0);
INSERT INTO PopulationCauseOfDeath(DeathID,HealthRiskFactorID,Injuries,NonCommunicableDiseases,CommunicableDiseases) VALUES (60,60,6.0,84.0,10.0);
INSERT INTO PopulationCauseOfDeath(DeathID,HealthRiskFactorID,Injuries,NonCommunicableDiseases,CommunicableDiseases) VALUES (61,61,15.0,74.0,11.0);
INSERT INTO PopulationCauseOfDeath(DeathID,HealthRiskFactorID,Injuries,NonCommunicableDiseases,CommunicableDiseases) VALUES (62,62,11.0,36.0,53.0);
INSERT INTO PopulationCauseOfDeath(DeathID,HealthRiskFactorID,Injuries,NonCommunicableDiseases,CommunicableDiseases) VALUES (63,63,12.0,45.0,43.0);
INSERT INTO PopulationCauseOfDeath(DeathID,HealthRiskFactorID,Injuries,NonCommunicableDiseases,CommunicableDiseases) VALUES (64,64,5.0,93.0,3.0);
INSERT INTO PopulationCauseOfDeath(DeathID,HealthRiskFactorID,Injuries,NonCommunicableDiseases,CommunicableDiseases) VALUES (65,65,10.0,37.0,54.0);
INSERT INTO PopulationCauseOfDeath(DeathID,HealthRiskFactorID,Injuries,NonCommunicableDiseases,CommunicableDiseases) VALUES (66,66,12.0,39.0,49.0);
INSERT INTO PopulationCauseOfDeath(DeathID,HealthRiskFactorID,Injuries,NonCommunicableDiseases,CommunicableDiseases) VALUES (67,67,NULL,NULL,NULL);
INSERT INTO PopulationCauseOfDeath(DeathID,HealthRiskFactorID,Injuries,NonCommunicableDiseases,CommunicableDiseases) VALUES (68,68,5.0,84.0,10.0);
INSERT INTO PopulationCauseOfDeath(DeathID,HealthRiskFactorID,Injuries,NonCommunicableDiseases,CommunicableDiseases) VALUES (69,69,6.0,93.0,1.0);
INSERT INTO PopulationCauseOfDeath(DeathID,HealthRiskFactorID,Injuries,NonCommunicableDiseases,CommunicableDiseases) VALUES (70,70,6.0,88.0,6.0);
INSERT INTO PopulationCauseOfDeath(DeathID,HealthRiskFactorID,Injuries,NonCommunicableDiseases,CommunicableDiseases) VALUES (71,71,NULL,NULL,NULL);
INSERT INTO PopulationCauseOfDeath(DeathID,HealthRiskFactorID,Injuries,NonCommunicableDiseases,CommunicableDiseases) VALUES (72,72,9.0,41.0,50.0);
INSERT INTO PopulationCauseOfDeath(DeathID,HealthRiskFactorID,Injuries,NonCommunicableDiseases,CommunicableDiseases) VALUES (73,73,11.0,34.0,55.0);
INSERT INTO PopulationCauseOfDeath(DeathID,HealthRiskFactorID,Injuries,NonCommunicableDiseases,CommunicableDiseases) VALUES (74,74,4.0,94.0,3.0);
INSERT INTO PopulationCauseOfDeath(DeathID,HealthRiskFactorID,Injuries,NonCommunicableDiseases,CommunicableDiseases) VALUES (75,75,4.0,91.0,5.0);
INSERT INTO PopulationCauseOfDeath(DeathID,HealthRiskFactorID,Injuries,NonCommunicableDiseases,CommunicableDiseases) VALUES (76,76,10.0,43.0,48.0);
INSERT INTO PopulationCauseOfDeath(DeathID,HealthRiskFactorID,Injuries,NonCommunicableDiseases,CommunicableDiseases) VALUES (77,77,3.0,86.0,11.0);
INSERT INTO PopulationCauseOfDeath(DeathID,HealthRiskFactorID,Injuries,NonCommunicableDiseases,CommunicableDiseases) VALUES (78,78,NULL,NULL,NULL);
INSERT INTO PopulationCauseOfDeath(DeathID,HealthRiskFactorID,Injuries,NonCommunicableDiseases,CommunicableDiseases) VALUES (79,79,7.0,81.0,12.0);
INSERT INTO PopulationCauseOfDeath(DeathID,HealthRiskFactorID,Injuries,NonCommunicableDiseases,CommunicableDiseases) VALUES (80,80,NULL,NULL,NULL);
INSERT INTO PopulationCauseOfDeath(DeathID,HealthRiskFactorID,Injuries,NonCommunicableDiseases,CommunicableDiseases) VALUES (81,81,16.0,59.0,25.0);
INSERT INTO PopulationCauseOfDeath(DeathID,HealthRiskFactorID,Injuries,NonCommunicableDiseases,CommunicableDiseases) VALUES (82,82,9.0,35.0,56.0);
INSERT INTO PopulationCauseOfDeath(DeathID,HealthRiskFactorID,Injuries,NonCommunicableDiseases,CommunicableDiseases) VALUES (83,83,8.0,30.0,62.0);
INSERT INTO PopulationCauseOfDeath(DeathID,HealthRiskFactorID,Injuries,NonCommunicableDiseases,CommunicableDiseases) VALUES (84,84,12.0,68.0,20.0);
INSERT INTO PopulationCauseOfDeath(DeathID,HealthRiskFactorID,Injuries,NonCommunicableDiseases,CommunicableDiseases) VALUES (85,85,13.0,57.0,30.0);
INSERT INTO PopulationCauseOfDeath(DeathID,HealthRiskFactorID,Injuries,NonCommunicableDiseases,CommunicableDiseases) VALUES (86,86,20.0,67.0,14.0);
INSERT INTO PopulationCauseOfDeath(DeathID,HealthRiskFactorID,Injuries,NonCommunicableDiseases,CommunicableDiseases) VALUES (87,87,4.0,94.0,2.0);
INSERT INTO PopulationCauseOfDeath(DeathID,HealthRiskFactorID,Injuries,NonCommunicableDiseases,CommunicableDiseases) VALUES (88,88,6.0,90.0,4.0);
INSERT INTO PopulationCauseOfDeath(DeathID,HealthRiskFactorID,Injuries,NonCommunicableDiseases,CommunicableDiseases) VALUES (89,89,11.0,63.0,26.0);
INSERT INTO PopulationCauseOfDeath(DeathID,HealthRiskFactorID,Injuries,NonCommunicableDiseases,CommunicableDiseases) VALUES (90,90,6.0,73.0,21.0);
INSERT INTO PopulationCauseOfDeath(DeathID,HealthRiskFactorID,Injuries,NonCommunicableDiseases,CommunicableDiseases) VALUES (91,91,10.0,82.0,8.0);
INSERT INTO PopulationCauseOfDeath(DeathID,HealthRiskFactorID,Injuries,NonCommunicableDiseases,CommunicableDiseases) VALUES (92,92,28.0,55.0,17.0);
INSERT INTO PopulationCauseOfDeath(DeathID,HealthRiskFactorID,Injuries,NonCommunicableDiseases,CommunicableDiseases) VALUES (93,93,4.0,91.0,5.0);
INSERT INTO PopulationCauseOfDeath(DeathID,HealthRiskFactorID,Injuries,NonCommunicableDiseases,CommunicableDiseases) VALUES (94,94,NULL,NULL,NULL);
INSERT INTO PopulationCauseOfDeath(DeathID,HealthRiskFactorID,Injuries,NonCommunicableDiseases,CommunicableDiseases) VALUES (95,95,4.0,86.0,10.0);
INSERT INTO PopulationCauseOfDeath(DeathID,HealthRiskFactorID,Injuries,NonCommunicableDiseases,CommunicableDiseases) VALUES (96,96,4.0,91.0,5.0);
INSERT INTO PopulationCauseOfDeath(DeathID,HealthRiskFactorID,Injuries,NonCommunicableDiseases,CommunicableDiseases) VALUES (97,97,9.0,80.0,11.0);
INSERT INTO PopulationCauseOfDeath(DeathID,HealthRiskFactorID,Injuries,NonCommunicableDiseases,CommunicableDiseases) VALUES (98,98,5.0,82.0,13.0);
INSERT INTO PopulationCauseOfDeath(DeathID,HealthRiskFactorID,Injuries,NonCommunicableDiseases,CommunicableDiseases) VALUES (99,99,11.0,78.0,11.0);
INSERT INTO PopulationCauseOfDeath(DeathID,HealthRiskFactorID,Injuries,NonCommunicableDiseases,CommunicableDiseases) VALUES (100,100,10.0,86.0,5.0);
INSERT INTO PopulationCauseOfDeath(DeathID,HealthRiskFactorID,Injuries,NonCommunicableDiseases,CommunicableDiseases) VALUES (101,101,10.0,27.0,63.0);
INSERT INTO PopulationCauseOfDeath(DeathID,HealthRiskFactorID,Injuries,NonCommunicableDiseases,CommunicableDiseases) VALUES (102,102,7.0,64.0,29.0);
INSERT INTO PopulationCauseOfDeath(DeathID,HealthRiskFactorID,Injuries,NonCommunicableDiseases,CommunicableDiseases) VALUES (103,103,7.0,84.0,10.0);
INSERT INTO PopulationCauseOfDeath(DeathID,HealthRiskFactorID,Injuries,NonCommunicableDiseases,CommunicableDiseases) VALUES (104,104,10.0,80.0,10.0);
INSERT INTO PopulationCauseOfDeath(DeathID,HealthRiskFactorID,Injuries,NonCommunicableDiseases,CommunicableDiseases) VALUES (105,105,NULL,NULL,NULL);
INSERT INTO PopulationCauseOfDeath(DeathID,HealthRiskFactorID,Injuries,NonCommunicableDiseases,CommunicableDiseases) VALUES (106,106,13.0,72.0,15.0);
INSERT INTO PopulationCauseOfDeath(DeathID,HealthRiskFactorID,Injuries,NonCommunicableDiseases,CommunicableDiseases) VALUES (107,107,8.0,83.0,10.0);
INSERT INTO PopulationCauseOfDeath(DeathID,HealthRiskFactorID,Injuries,NonCommunicableDiseases,CommunicableDiseases) VALUES (108,108,9.0,60.0,31.0);
INSERT INTO PopulationCauseOfDeath(DeathID,HealthRiskFactorID,Injuries,NonCommunicableDiseases,CommunicableDiseases) VALUES (109,109,5.0,92.0,3.0);
INSERT INTO PopulationCauseOfDeath(DeathID,HealthRiskFactorID,Injuries,NonCommunicableDiseases,CommunicableDiseases) VALUES (110,110,6.0,91.0,4.0);
INSERT INTO PopulationCauseOfDeath(DeathID,HealthRiskFactorID,Injuries,NonCommunicableDiseases,CommunicableDiseases) VALUES (111,111,8.0,32.0,59.0);
INSERT INTO PopulationCauseOfDeath(DeathID,HealthRiskFactorID,Injuries,NonCommunicableDiseases,CommunicableDiseases) VALUES (112,112,10.0,31.0,59.0);
INSERT INTO PopulationCauseOfDeath(DeathID,HealthRiskFactorID,Injuries,NonCommunicableDiseases,CommunicableDiseases) VALUES (113,113,20.0,72.0,8.0);
INSERT INTO PopulationCauseOfDeath(DeathID,HealthRiskFactorID,Injuries,NonCommunicableDiseases,CommunicableDiseases) VALUES (114,114,NULL,NULL,NULL);
INSERT INTO PopulationCauseOfDeath(DeathID,HealthRiskFactorID,Injuries,NonCommunicableDiseases,CommunicableDiseases) VALUES (115,115,7.0,90.0,4.0);
INSERT INTO PopulationCauseOfDeath(DeathID,HealthRiskFactorID,Injuries,NonCommunicableDiseases,CommunicableDiseases) VALUES (116,116,7.0,88.0,5.0);
INSERT INTO PopulationCauseOfDeath(DeathID,HealthRiskFactorID,Injuries,NonCommunicableDiseases,CommunicableDiseases) VALUES (117,117,11.0,43.0,46.0);
INSERT INTO PopulationCauseOfDeath(DeathID,HealthRiskFactorID,Injuries,NonCommunicableDiseases,CommunicableDiseases) VALUES (118,118,9.0,32.0,60.0);
INSERT INTO PopulationCauseOfDeath(DeathID,HealthRiskFactorID,Injuries,NonCommunicableDiseases,CommunicableDiseases) VALUES (119,119,9.0,74.0,18.0);
INSERT INTO PopulationCauseOfDeath(DeathID,HealthRiskFactorID,Injuries,NonCommunicableDiseases,CommunicableDiseases) VALUES (120,120,8.0,84.0,8.0);
INSERT INTO PopulationCauseOfDeath(DeathID,HealthRiskFactorID,Injuries,NonCommunicableDiseases,CommunicableDiseases) VALUES (121,121,9.0,31.0,61.0);
INSERT INTO PopulationCauseOfDeath(DeathID,HealthRiskFactorID,Injuries,NonCommunicableDiseases,CommunicableDiseases) VALUES (122,122,3.0,91.0,6.0);
INSERT INTO PopulationCauseOfDeath(DeathID,HealthRiskFactorID,Injuries,NonCommunicableDiseases,CommunicableDiseases) VALUES (123,123,NULL,NULL,NULL);
INSERT INTO PopulationCauseOfDeath(DeathID,HealthRiskFactorID,Injuries,NonCommunicableDiseases,CommunicableDiseases) VALUES (124,124,9.0,37.0,53.0);
INSERT INTO PopulationCauseOfDeath(DeathID,HealthRiskFactorID,Injuries,NonCommunicableDiseases,CommunicableDiseases) VALUES (125,125,5.0,89.0,7.0);
INSERT INTO PopulationCauseOfDeath(DeathID,HealthRiskFactorID,Injuries,NonCommunicableDiseases,CommunicableDiseases) VALUES (126,126,10.0,80.0,10.0);
INSERT INTO PopulationCauseOfDeath(DeathID,HealthRiskFactorID,Injuries,NonCommunicableDiseases,CommunicableDiseases) VALUES (127,127,7.0,75.0,19.0);
INSERT INTO PopulationCauseOfDeath(DeathID,HealthRiskFactorID,Injuries,NonCommunicableDiseases,CommunicableDiseases) VALUES (128,128,6.0,90.0,4.0);
INSERT INTO PopulationCauseOfDeath(DeathID,HealthRiskFactorID,Injuries,NonCommunicableDiseases,CommunicableDiseases) VALUES (129,129,NULL,NULL,NULL);
INSERT INTO PopulationCauseOfDeath(DeathID,HealthRiskFactorID,Injuries,NonCommunicableDiseases,CommunicableDiseases) VALUES (130,130,11.0,80.0,10.0);
INSERT INTO PopulationCauseOfDeath(DeathID,HealthRiskFactorID,Injuries,NonCommunicableDiseases,CommunicableDiseases) VALUES (131,131,4.0,95.0,1.0);
INSERT INTO PopulationCauseOfDeath(DeathID,HealthRiskFactorID,Injuries,NonCommunicableDiseases,CommunicableDiseases) VALUES (132,132,6.0,80.0,14.0);
INSERT INTO PopulationCauseOfDeath(DeathID,HealthRiskFactorID,Injuries,NonCommunicableDiseases,CommunicableDiseases) VALUES (133,133,8.0,27.0,65.0);
INSERT INTO PopulationCauseOfDeath(DeathID,HealthRiskFactorID,Injuries,NonCommunicableDiseases,CommunicableDiseases) VALUES (134,134,9.0,68.0,24.0);
INSERT INTO PopulationCauseOfDeath(DeathID,HealthRiskFactorID,Injuries,NonCommunicableDiseases,CommunicableDiseases) VALUES (135,135,10.0,41.0,49.0);
INSERT INTO PopulationCauseOfDeath(DeathID,HealthRiskFactorID,Injuries,NonCommunicableDiseases,CommunicableDiseases) VALUES (136,136,9.0,66.0,25.0);
INSERT INTO PopulationCauseOfDeath(DeathID,HealthRiskFactorID,Injuries,NonCommunicableDiseases,CommunicableDiseases) VALUES (137,137,5.0,90.0,5.0);
INSERT INTO PopulationCauseOfDeath(DeathID,HealthRiskFactorID,Injuries,NonCommunicableDiseases,CommunicableDiseases) VALUES (138,138,NULL,NULL,NULL);
INSERT INTO PopulationCauseOfDeath(DeathID,HealthRiskFactorID,Injuries,NonCommunicableDiseases,CommunicableDiseases) VALUES (139,139,6.0,90.0,5.0);
INSERT INTO PopulationCauseOfDeath(DeathID,HealthRiskFactorID,Injuries,NonCommunicableDiseases,CommunicableDiseases) VALUES (140,140,13.0,76.0,11.0);
INSERT INTO PopulationCauseOfDeath(DeathID,HealthRiskFactorID,Injuries,NonCommunicableDiseases,CommunicableDiseases) VALUES (141,141,10.0,27.0,63.0);
INSERT INTO PopulationCauseOfDeath(DeathID,HealthRiskFactorID,Injuries,NonCommunicableDiseases,CommunicableDiseases) VALUES (142,142,8.0,29.0,63.0);
INSERT INTO PopulationCauseOfDeath(DeathID,HealthRiskFactorID,Injuries,NonCommunicableDiseases,CommunicableDiseases) VALUES (143,143,3.0,95.0,2.0);
INSERT INTO PopulationCauseOfDeath(DeathID,HealthRiskFactorID,Injuries,NonCommunicableDiseases,CommunicableDiseases) VALUES (144,144,NULL,NULL,NULL);
INSERT INTO PopulationCauseOfDeath(DeathID,HealthRiskFactorID,Injuries,NonCommunicableDiseases,CommunicableDiseases) VALUES (145,145,6.0,87.0,7.0);
INSERT INTO PopulationCauseOfDeath(DeathID,HealthRiskFactorID,Injuries,NonCommunicableDiseases,CommunicableDiseases) VALUES (146,146,18.0,72.0,11.0);
INSERT INTO PopulationCauseOfDeath(DeathID,HealthRiskFactorID,Injuries,NonCommunicableDiseases,CommunicableDiseases) VALUES (147,147,7.0,58.0,35.0);
INSERT INTO PopulationCauseOfDeath(DeathID,HealthRiskFactorID,Injuries,NonCommunicableDiseases,CommunicableDiseases) VALUES (148,148,NULL,NULL,NULL);
INSERT INTO PopulationCauseOfDeath(DeathID,HealthRiskFactorID,Injuries,NonCommunicableDiseases,CommunicableDiseases) VALUES (149,149,10.0,75.0,16.0);
INSERT INTO PopulationCauseOfDeath(DeathID,HealthRiskFactorID,Injuries,NonCommunicableDiseases,CommunicableDiseases) VALUES (150,150,8.0,56.0,36.0);
INSERT INTO PopulationCauseOfDeath(DeathID,HealthRiskFactorID,Injuries,NonCommunicableDiseases,CommunicableDiseases) VALUES (151,151,12.0,74.0,14.0);
INSERT INTO PopulationCauseOfDeath(DeathID,HealthRiskFactorID,Injuries,NonCommunicableDiseases,CommunicableDiseases) VALUES (152,152,11.0,69.0,20.0);
INSERT INTO PopulationCauseOfDeath(DeathID,HealthRiskFactorID,Injuries,NonCommunicableDiseases,CommunicableDiseases) VALUES (153,153,8.0,67.0,25.0);
INSERT INTO PopulationCauseOfDeath(DeathID,HealthRiskFactorID,Injuries,NonCommunicableDiseases,CommunicableDiseases) VALUES (154,154,5.0,90.0,5.0);
INSERT INTO PopulationCauseOfDeath(DeathID,HealthRiskFactorID,Injuries,NonCommunicableDiseases,CommunicableDiseases) VALUES (155,155,4.0,86.0,10.0);
INSERT INTO PopulationCauseOfDeath(DeathID,HealthRiskFactorID,Injuries,NonCommunicableDiseases,CommunicableDiseases) VALUES (156,156,NULL,NULL,NULL);
INSERT INTO PopulationCauseOfDeath(DeathID,HealthRiskFactorID,Injuries,NonCommunicableDiseases,CommunicableDiseases) VALUES (157,157,26.0,69.0,5.0);
INSERT INTO PopulationCauseOfDeath(DeathID,HealthRiskFactorID,Injuries,NonCommunicableDiseases,CommunicableDiseases) VALUES (158,158,4.0,92.0,4.0);
INSERT INTO PopulationCauseOfDeath(DeathID,HealthRiskFactorID,Injuries,NonCommunicableDiseases,CommunicableDiseases) VALUES (159,159,8.0,87.0,5.0);
INSERT INTO PopulationCauseOfDeath(DeathID,HealthRiskFactorID,Injuries,NonCommunicableDiseases,CommunicableDiseases) VALUES (160,160,14.0,44.0,42.0);
INSERT INTO PopulationCauseOfDeath(DeathID,HealthRiskFactorID,Injuries,NonCommunicableDiseases,CommunicableDiseases) VALUES (161,161,7.0,81.0,12.0);
INSERT INTO PopulationCauseOfDeath(DeathID,HealthRiskFactorID,Injuries,NonCommunicableDiseases,CommunicableDiseases) VALUES (162,162,NULL,NULL,NULL);
INSERT INTO PopulationCauseOfDeath(DeathID,HealthRiskFactorID,Injuries,NonCommunicableDiseases,CommunicableDiseases) VALUES (163,163,11.0,55.0,34.0);
INSERT INTO PopulationCauseOfDeath(DeathID,HealthRiskFactorID,Injuries,NonCommunicableDiseases,CommunicableDiseases) VALUES (164,164,16.0,73.0,11.0);
INSERT INTO PopulationCauseOfDeath(DeathID,HealthRiskFactorID,Injuries,NonCommunicableDiseases,CommunicableDiseases) VALUES (165,165,12.0,42.0,46.0);
INSERT INTO PopulationCauseOfDeath(DeathID,HealthRiskFactorID,Injuries,NonCommunicableDiseases,CommunicableDiseases) VALUES (166,166,3.0,95.0,2.0);
INSERT INTO PopulationCauseOfDeath(DeathID,HealthRiskFactorID,Injuries,NonCommunicableDiseases,CommunicableDiseases) VALUES (167,167,7.0,81.0,12.0);
INSERT INTO PopulationCauseOfDeath(DeathID,HealthRiskFactorID,Injuries,NonCommunicableDiseases,CommunicableDiseases) VALUES (168,168,9.0,33.0,58.0);
INSERT INTO PopulationCauseOfDeath(DeathID,HealthRiskFactorID,Injuries,NonCommunicableDiseases,CommunicableDiseases) VALUES (169,169,4.0,74.0,23.0);
INSERT INTO PopulationCauseOfDeath(DeathID,HealthRiskFactorID,Injuries,NonCommunicableDiseases,CommunicableDiseases) VALUES (170,170,NULL,NULL,NULL);
INSERT INTO PopulationCauseOfDeath(DeathID,HealthRiskFactorID,Injuries,NonCommunicableDiseases,CommunicableDiseases) VALUES (171,171,6.0,89.0,5.0);
INSERT INTO PopulationCauseOfDeath(DeathID,HealthRiskFactorID,Injuries,NonCommunicableDiseases,CommunicableDiseases) VALUES (172,172,7.0,88.0,5.0);
INSERT INTO PopulationCauseOfDeath(DeathID,HealthRiskFactorID,Injuries,NonCommunicableDiseases,CommunicableDiseases) VALUES (173,173,9.0,69.0,22.0);
INSERT INTO PopulationCauseOfDeath(DeathID,HealthRiskFactorID,Injuries,NonCommunicableDiseases,CommunicableDiseases) VALUES (174,174,12.0,24.0,64.0);
INSERT INTO PopulationCauseOfDeath(DeathID,HealthRiskFactorID,Injuries,NonCommunicableDiseases,CommunicableDiseases) VALUES (175,175,9.0,51.0,40.0);
INSERT INTO PopulationCauseOfDeath(DeathID,HealthRiskFactorID,Injuries,NonCommunicableDiseases,CommunicableDiseases) VALUES (176,176,9.0,27.0,63.0);
INSERT INTO PopulationCauseOfDeath(DeathID,HealthRiskFactorID,Injuries,NonCommunicableDiseases,CommunicableDiseases) VALUES (177,177,4.0,91.0,5.0);
INSERT INTO PopulationCauseOfDeath(DeathID,HealthRiskFactorID,Injuries,NonCommunicableDiseases,CommunicableDiseases) VALUES (178,178,10.0,83.0,8.0);
INSERT INTO PopulationCauseOfDeath(DeathID,HealthRiskFactorID,Injuries,NonCommunicableDiseases,CommunicableDiseases) VALUES (179,179,NULL,NULL,NULL);
INSERT INTO PopulationCauseOfDeath(DeathID,HealthRiskFactorID,Injuries,NonCommunicableDiseases,CommunicableDiseases) VALUES (180,180,8.0,82.0,10.0);
INSERT INTO PopulationCauseOfDeath(DeathID,HealthRiskFactorID,Injuries,NonCommunicableDiseases,CommunicableDiseases) VALUES (181,181,NULL,NULL,NULL);
INSERT INTO PopulationCauseOfDeath(DeathID,HealthRiskFactorID,Injuries,NonCommunicableDiseases,CommunicableDiseases) VALUES (182,182,6.0,81.0,13.0);
INSERT INTO PopulationCauseOfDeath(DeathID,HealthRiskFactorID,Injuries,NonCommunicableDiseases,CommunicableDiseases) VALUES (183,183,13.0,52.0,35.0);
INSERT INTO PopulationCauseOfDeath(DeathID,HealthRiskFactorID,Injuries,NonCommunicableDiseases,CommunicableDiseases) VALUES (184,184,11.0,76.0,13.0);
INSERT INTO PopulationCauseOfDeath(DeathID,HealthRiskFactorID,Injuries,NonCommunicableDiseases,CommunicableDiseases) VALUES (185,185,5.0,90.0,5.0);
INSERT INTO PopulationCauseOfDeath(DeathID,HealthRiskFactorID,Injuries,NonCommunicableDiseases,CommunicableDiseases) VALUES (186,186,6.0,90.0,4.0);
INSERT INTO PopulationCauseOfDeath(DeathID,HealthRiskFactorID,Injuries,NonCommunicableDiseases,CommunicableDiseases) VALUES (187,187,50.0,45.0,5.0);
INSERT INTO PopulationCauseOfDeath(DeathID,HealthRiskFactorID,Injuries,NonCommunicableDiseases,CommunicableDiseases) VALUES (188,188,8.0,69.0,23.0);
INSERT INTO PopulationCauseOfDeath(DeathID,HealthRiskFactorID,Injuries,NonCommunicableDiseases,CommunicableDiseases) VALUES (189,189,11.0,33.0,56.0);
INSERT INTO PopulationCauseOfDeath(DeathID,HealthRiskFactorID,Injuries,NonCommunicableDiseases,CommunicableDiseases) VALUES (190,190,10.0,74.0,16.0);
INSERT INTO PopulationCauseOfDeath(DeathID,HealthRiskFactorID,Injuries,NonCommunicableDiseases,CommunicableDiseases) VALUES (191,191,9.0,45.0,46.0);
INSERT INTO PopulationCauseOfDeath(DeathID,HealthRiskFactorID,Injuries,NonCommunicableDiseases,CommunicableDiseases) VALUES (192,192,11.0,38.0,52.0);
INSERT INTO PopulationCauseOfDeath(DeathID,HealthRiskFactorID,Injuries,NonCommunicableDiseases,CommunicableDiseases) VALUES (193,193,6.0,83.0,12.0);
INSERT INTO PopulationCauseOfDeath(DeathID,HealthRiskFactorID,Injuries,NonCommunicableDiseases,CommunicableDiseases) VALUES (194,194,10.0,81.0,9.0);
INSERT INTO PopulationCauseOfDeath(DeathID,HealthRiskFactorID,Injuries,NonCommunicableDiseases,CommunicableDiseases) VALUES (195,195,6.0,86.0,8.0);
INSERT INTO PopulationCauseOfDeath(DeathID,HealthRiskFactorID,Injuries,NonCommunicableDiseases,CommunicableDiseases) VALUES (196,196,6.0,89.0,4.0);
INSERT INTO PopulationCauseOfDeath(DeathID,HealthRiskFactorID,Injuries,NonCommunicableDiseases,CommunicableDiseases) VALUES (197,197,7.0,76.0,17.0);
INSERT INTO PopulationCauseOfDeath(DeathID,HealthRiskFactorID,Injuries,NonCommunicableDiseases,CommunicableDiseases) VALUES (198,198,NULL,NULL,NULL);
INSERT INTO PopulationCauseOfDeath(DeathID,HealthRiskFactorID,Injuries,NonCommunicableDiseases,CommunicableDiseases) VALUES (199,199,NULL,NULL,NULL);
INSERT INTO PopulationCauseOfDeath(DeathID,HealthRiskFactorID,Injuries,NonCommunicableDiseases,CommunicableDiseases) VALUES (200,200,13.0,33.0,55.0);
INSERT INTO PopulationCauseOfDeath(DeathID,HealthRiskFactorID,Injuries,NonCommunicableDiseases,CommunicableDiseases) VALUES (201,201,5.0,91.0,4.0);
INSERT INTO PopulationCauseOfDeath(DeathID,HealthRiskFactorID,Injuries,NonCommunicableDiseases,CommunicableDiseases) VALUES (202,202,17.0,77.0,7.0);
INSERT INTO PopulationCauseOfDeath(DeathID,HealthRiskFactorID,Injuries,NonCommunicableDiseases,CommunicableDiseases) VALUES (203,203,4.0,89.0,8.0);
INSERT INTO PopulationCauseOfDeath(DeathID,HealthRiskFactorID,Injuries,NonCommunicableDiseases,CommunicableDiseases) VALUES (204,204,7.0,88.0,5.0);
INSERT INTO PopulationCauseOfDeath(DeathID,HealthRiskFactorID,Injuries,NonCommunicableDiseases,CommunicableDiseases) VALUES (205,205,8.0,85.0,8.0);
INSERT INTO PopulationCauseOfDeath(DeathID,HealthRiskFactorID,Injuries,NonCommunicableDiseases,CommunicableDiseases) VALUES (206,206,6.0,84.0,10.0);
INSERT INTO PopulationCauseOfDeath(DeathID,HealthRiskFactorID,Injuries,NonCommunicableDiseases,CommunicableDiseases) VALUES (207,207,7.0,74.0,19.0);
INSERT INTO PopulationCauseOfDeath(DeathID,HealthRiskFactorID,Injuries,NonCommunicableDiseases,CommunicableDiseases) VALUES (208,208,19.0,70.0,11.0);
INSERT INTO PopulationCauseOfDeath(DeathID,HealthRiskFactorID,Injuries,NonCommunicableDiseases,CommunicableDiseases) VALUES (209,209,11.0,77.0,12.0);
INSERT INTO PopulationCauseOfDeath(DeathID,HealthRiskFactorID,Injuries,NonCommunicableDiseases,CommunicableDiseases) VALUES (210,210,NULL,NULL,NULL);
INSERT INTO PopulationCauseOfDeath(DeathID,HealthRiskFactorID,Injuries,NonCommunicableDiseases,CommunicableDiseases) VALUES (211,211,NULL,NULL,NULL);
INSERT INTO PopulationCauseOfDeath(DeathID,HealthRiskFactorID,Injuries,NonCommunicableDiseases,CommunicableDiseases) VALUES (212,212,15.0,57.0,29.0);
INSERT INTO PopulationCauseOfDeath(DeathID,HealthRiskFactorID,Injuries,NonCommunicableDiseases,CommunicableDiseases) VALUES (213,213,10.0,29.0,61.0);
INSERT INTO PopulationCauseOfDeath(DeathID,HealthRiskFactorID,Injuries,NonCommunicableDiseases,CommunicableDiseases) VALUES (214,214,12.0,33.0,55.0);


INSERT INTO PrevalenceOfHIV(HIVID,IncidenceOfHIV,DeathID,YouthMale,YouthFemale,WomanAge15Plus) VALUES (1,0.04,1,0.1,0.1,29.0);
INSERT INTO PrevalenceOfHIV(HIVID,IncidenceOfHIV,DeathID,YouthMale,YouthFemale,WomanAge15Plus) VALUES (2,NULL,2,NULL,NULL,NULL);
INSERT INTO PrevalenceOfHIV(HIVID,IncidenceOfHIV,DeathID,YouthMale,YouthFemale,WomanAge15Plus) VALUES (3,0.05,3,0.1,0.1,46.0);
INSERT INTO PrevalenceOfHIV(HIVID,IncidenceOfHIV,DeathID,YouthMale,YouthFemale,WomanAge15Plus) VALUES (4,NULL,4,NULL,NULL,NULL);
INSERT INTO PrevalenceOfHIV(HIVID,IncidenceOfHIV,DeathID,YouthMale,YouthFemale,WomanAge15Plus) VALUES (5,NULL,5,NULL,NULL,NULL);
INSERT INTO PrevalenceOfHIV(HIVID,IncidenceOfHIV,DeathID,YouthMale,YouthFemale,WomanAge15Plus) VALUES (6,1.6,6,0.3,1.2,69.0);
INSERT INTO PrevalenceOfHIV(HIVID,IncidenceOfHIV,DeathID,YouthMale,YouthFemale,WomanAge15Plus) VALUES (7,NULL,7,NULL,NULL,NULL);
INSERT INTO PrevalenceOfHIV(HIVID,IncidenceOfHIV,DeathID,YouthMale,YouthFemale,WomanAge15Plus) VALUES (8,0.3,8,0.1,0.1,32.0);
INSERT INTO PrevalenceOfHIV(HIVID,IncidenceOfHIV,DeathID,YouthMale,YouthFemale,WomanAge15Plus) VALUES (9,0.1,9,0.1,0.1,34.0);
INSERT INTO PrevalenceOfHIV(HIVID,IncidenceOfHIV,DeathID,YouthMale,YouthFemale,WomanAge15Plus) VALUES (10,NULL,10,NULL,NULL,NULL);
INSERT INTO PrevalenceOfHIV(HIVID,IncidenceOfHIV,DeathID,YouthMale,YouthFemale,WomanAge15Plus) VALUES (11,0.08,11,0.1,0.1,12.0);
INSERT INTO PrevalenceOfHIV(HIVID,IncidenceOfHIV,DeathID,YouthMale,YouthFemale,WomanAge15Plus) VALUES (12,NULL,12,NULL,NULL,NULL);
INSERT INTO PrevalenceOfHIV(HIVID,IncidenceOfHIV,DeathID,YouthMale,YouthFemale,WomanAge15Plus) VALUES (13,NULL,13,NULL,NULL,NULL);
INSERT INTO PrevalenceOfHIV(HIVID,IncidenceOfHIV,DeathID,YouthMale,YouthFemale,WomanAge15Plus) VALUES (14,0.8,14,0.6,0.5,44.0);
INSERT INTO PrevalenceOfHIV(HIVID,IncidenceOfHIV,DeathID,YouthMale,YouthFemale,WomanAge15Plus) VALUES (15,NULL,15,NULL,NULL,NULL);
INSERT INTO PrevalenceOfHIV(HIVID,IncidenceOfHIV,DeathID,YouthMale,YouthFemale,WomanAge15Plus) VALUES (16,0.02,16,0.1,0.1,36.0);
INSERT INTO PrevalenceOfHIV(HIVID,IncidenceOfHIV,DeathID,YouthMale,YouthFemale,WomanAge15Plus) VALUES (17,1.1,17,0.3,0.2,34.0);
INSERT INTO PrevalenceOfHIV(HIVID,IncidenceOfHIV,DeathID,YouthMale,YouthFemale,WomanAge15Plus) VALUES (18,0.4,18,0.1,0.1,43.0);
INSERT INTO PrevalenceOfHIV(HIVID,IncidenceOfHIV,DeathID,YouthMale,YouthFemale,WomanAge15Plus) VALUES (19,NULL,19,NULL,NULL,NULL);
INSERT INTO PrevalenceOfHIV(HIVID,IncidenceOfHIV,DeathID,YouthMale,YouthFemale,WomanAge15Plus) VALUES (20,1.3,20,0.8,1.0,47.0);
INSERT INTO PrevalenceOfHIV(HIVID,IncidenceOfHIV,DeathID,YouthMale,YouthFemale,WomanAge15Plus) VALUES (21,0.58,21,0.2,0.4,61.0);
INSERT INTO PrevalenceOfHIV(HIVID,IncidenceOfHIV,DeathID,YouthMale,YouthFemale,WomanAge15Plus) VALUES (22,NULL,22,NULL,NULL,NULL);
INSERT INTO PrevalenceOfHIV(HIVID,IncidenceOfHIV,DeathID,YouthMale,YouthFemale,WomanAge15Plus) VALUES (23,0.2,23,0.1,0.1,30.0);
INSERT INTO PrevalenceOfHIV(HIVID,IncidenceOfHIV,DeathID,YouthMale,YouthFemale,WomanAge15Plus) VALUES (24,0.2,24,0.1,0.1,32.0);
INSERT INTO PrevalenceOfHIV(HIVID,IncidenceOfHIV,DeathID,YouthMale,YouthFemale,WomanAge15Plus) VALUES (25,0.01,25,0.1,0.1,15.0);
INSERT INTO PrevalenceOfHIV(HIVID,IncidenceOfHIV,DeathID,YouthMale,YouthFemale,WomanAge15Plus) VALUES (26,7.4,26,4.9,8.9,57.0);
INSERT INTO PrevalenceOfHIV(HIVID,IncidenceOfHIV,DeathID,YouthMale,YouthFemale,WomanAge15Plus) VALUES (27,NULL,27,NULL,NULL,NULL);
INSERT INTO PrevalenceOfHIV(HIVID,IncidenceOfHIV,DeathID,YouthMale,YouthFemale,WomanAge15Plus) VALUES (28,NULL,28,NULL,NULL,NULL);
INSERT INTO PrevalenceOfHIV(HIVID,IncidenceOfHIV,DeathID,YouthMale,YouthFemale,WomanAge15Plus) VALUES (29,0.1,29,0.1,0.1,22.0);
INSERT INTO PrevalenceOfHIV(HIVID,IncidenceOfHIV,DeathID,YouthMale,YouthFemale,WomanAge15Plus) VALUES (30,0.2,30,0.2,0.4,61.0);
INSERT INTO PrevalenceOfHIV(HIVID,IncidenceOfHIV,DeathID,YouthMale,YouthFemale,WomanAge15Plus) VALUES (31,0.2,31,0.5,0.6,62.0);
INSERT INTO PrevalenceOfHIV(HIVID,IncidenceOfHIV,DeathID,YouthMale,YouthFemale,WomanAge15Plus) VALUES (32,0.3,32,0.1,0.2,54.0);
INSERT INTO PrevalenceOfHIV(HIVID,IncidenceOfHIV,DeathID,YouthMale,YouthFemale,WomanAge15Plus) VALUES (33,0.1,33,0.1,0.1,53.0);
INSERT INTO PrevalenceOfHIV(HIVID,IncidenceOfHIV,DeathID,YouthMale,YouthFemale,WomanAge15Plus) VALUES (34,1.6,34,0.7,1.8,66.0);
INSERT INTO PrevalenceOfHIV(HIVID,IncidenceOfHIV,DeathID,YouthMale,YouthFemale,WomanAge15Plus) VALUES (35,NULL,35,NULL,NULL,NULL);
INSERT INTO PrevalenceOfHIV(HIVID,IncidenceOfHIV,DeathID,YouthMale,YouthFemale,WomanAge15Plus) VALUES (36,NULL,36,NULL,NULL,NULL);
INSERT INTO PrevalenceOfHIV(HIVID,IncidenceOfHIV,DeathID,YouthMale,YouthFemale,WomanAge15Plus) VALUES (37,2.0,37,1.0,1.5,59.0);
INSERT INTO PrevalenceOfHIV(HIVID,IncidenceOfHIV,DeathID,YouthMale,YouthFemale,WomanAge15Plus) VALUES (38,0.6,38,0.5,0.8,57.0);
INSERT INTO PrevalenceOfHIV(HIVID,IncidenceOfHIV,DeathID,YouthMale,YouthFemale,WomanAge15Plus) VALUES (39,NULL,39,NULL,NULL,NULL);
INSERT INTO PrevalenceOfHIV(HIVID,IncidenceOfHIV,DeathID,YouthMale,YouthFemale,WomanAge15Plus) VALUES (40,0.5,40,0.2,0.1,17.0);
INSERT INTO PrevalenceOfHIV(HIVID,IncidenceOfHIV,DeathID,YouthMale,YouthFemale,WomanAge15Plus) VALUES (41,NULL,41,NULL,NULL,NULL);
INSERT INTO PrevalenceOfHIV(HIVID,IncidenceOfHIV,DeathID,YouthMale,YouthFemale,WomanAge15Plus) VALUES (42,NULL,42,NULL,NULL,NULL);
INSERT INTO PrevalenceOfHIV(HIVID,IncidenceOfHIV,DeathID,YouthMale,YouthFemale,WomanAge15Plus) VALUES (43,NULL,43,NULL,NULL,NULL);
INSERT INTO PrevalenceOfHIV(HIVID,IncidenceOfHIV,DeathID,YouthMale,YouthFemale,WomanAge15Plus) VALUES (44,0.2,44,0.1,0.1,20.0);
INSERT INTO PrevalenceOfHIV(HIVID,IncidenceOfHIV,DeathID,YouthMale,YouthFemale,WomanAge15Plus) VALUES (45,0.01,45,0.1,0.1,44.0);
INSERT INTO PrevalenceOfHIV(HIVID,IncidenceOfHIV,DeathID,YouthMale,YouthFemale,WomanAge15Plus) VALUES (46,0.3,46,0.2,0.5,72.0);
INSERT INTO PrevalenceOfHIV(HIVID,IncidenceOfHIV,DeathID,YouthMale,YouthFemale,WomanAge15Plus) VALUES (47,1.6,47,0.5,1.6,67.0);
INSERT INTO PrevalenceOfHIV(HIVID,IncidenceOfHIV,DeathID,YouthMale,YouthFemale,WomanAge15Plus) VALUES (48,0.4,48,0.1,0.1,20.0);
INSERT INTO PrevalenceOfHIV(HIVID,IncidenceOfHIV,DeathID,YouthMale,YouthFemale,WomanAge15Plus) VALUES (49,1.08,49,0.6,1.2,61.0);
INSERT INTO PrevalenceOfHIV(HIVID,IncidenceOfHIV,DeathID,YouthMale,YouthFemale,WomanAge15Plus) VALUES (50,0.04,50,0.1,0.1,11.0);
INSERT INTO PrevalenceOfHIV(HIVID,IncidenceOfHIV,DeathID,YouthMale,YouthFemale,WomanAge15Plus) VALUES (51,0.3,51,0.1,0.1,18.0);
INSERT INTO PrevalenceOfHIV(HIVID,IncidenceOfHIV,DeathID,YouthMale,YouthFemale,WomanAge15Plus) VALUES (52,NULL,52,NULL,NULL,NULL);
INSERT INTO PrevalenceOfHIV(HIVID,IncidenceOfHIV,DeathID,YouthMale,YouthFemale,WomanAge15Plus) VALUES (53,NULL,53,NULL,NULL,NULL);
INSERT INTO PrevalenceOfHIV(HIVID,IncidenceOfHIV,DeathID,YouthMale,YouthFemale,WomanAge15Plus) VALUES (54,0.09,54,0.1,0.1,11.0);
INSERT INTO PrevalenceOfHIV(HIVID,IncidenceOfHIV,DeathID,YouthMale,YouthFemale,WomanAge15Plus) VALUES (55,0.05,55,0.1,0.1,26.0);
INSERT INTO PrevalenceOfHIV(HIVID,IncidenceOfHIV,DeathID,YouthMale,YouthFemale,WomanAge15Plus) VALUES (56,0.8,56,0.4,0.6,58.0);
INSERT INTO PrevalenceOfHIV(HIVID,IncidenceOfHIV,DeathID,YouthMale,YouthFemale,WomanAge15Plus) VALUES (57,NULL,57,NULL,NULL,NULL);
INSERT INTO PrevalenceOfHIV(HIVID,IncidenceOfHIV,DeathID,YouthMale,YouthFemale,WomanAge15Plus) VALUES (58,0.4,58,0.3,0.3,49.0);
INSERT INTO PrevalenceOfHIV(HIVID,IncidenceOfHIV,DeathID,YouthMale,YouthFemale,WomanAge15Plus) VALUES (59,0.2,59,0.1,0.1,30.0);
INSERT INTO PrevalenceOfHIV(HIVID,IncidenceOfHIV,DeathID,YouthMale,YouthFemale,WomanAge15Plus) VALUES (60,0.06,60,0.1,0.1,30.0);
INSERT INTO PrevalenceOfHIV(HIVID,IncidenceOfHIV,DeathID,YouthMale,YouthFemale,WomanAge15Plus) VALUES (61,0.2,61,0.2,0.1,37.0);
INSERT INTO PrevalenceOfHIV(HIVID,IncidenceOfHIV,DeathID,YouthMale,YouthFemale,WomanAge15Plus) VALUES (62,6.2,62,1.8,3.3,52.0);
INSERT INTO PrevalenceOfHIV(HIVID,IncidenceOfHIV,DeathID,YouthMale,YouthFemale,WomanAge15Plus) VALUES (63,0.2,63,0.2,0.3,61.0);
INSERT INTO PrevalenceOfHIV(HIVID,IncidenceOfHIV,DeathID,YouthMale,YouthFemale,WomanAge15Plus) VALUES (64,0.5,64,0.1,0.1,35.0);
INSERT INTO PrevalenceOfHIV(HIVID,IncidenceOfHIV,DeathID,YouthMale,YouthFemale,WomanAge15Plus) VALUES (65,15.4,65,3.1,15.9,63.0);
INSERT INTO PrevalenceOfHIV(HIVID,IncidenceOfHIV,DeathID,YouthMale,YouthFemale,WomanAge15Plus) VALUES (66,0.4,66,0.2,0.4,63.0);
INSERT INTO PrevalenceOfHIV(HIVID,IncidenceOfHIV,DeathID,YouthMale,YouthFemale,WomanAge15Plus) VALUES (67,NULL,67,NULL,NULL,NULL);
INSERT INTO PrevalenceOfHIV(HIVID,IncidenceOfHIV,DeathID,YouthMale,YouthFemale,WomanAge15Plus) VALUES (68,NULL,68,NULL,NULL,NULL);
INSERT INTO PrevalenceOfHIV(HIVID,IncidenceOfHIV,DeathID,YouthMale,YouthFemale,WomanAge15Plus) VALUES (69,0.07,69,0.1,0.1,28.0);
INSERT INTO PrevalenceOfHIV(HIVID,IncidenceOfHIV,DeathID,YouthMale,YouthFemale,WomanAge15Plus) VALUES (70,0.2,70,0.1,0.1,26.0);
INSERT INTO PrevalenceOfHIV(HIVID,IncidenceOfHIV,DeathID,YouthMale,YouthFemale,WomanAge15Plus) VALUES (71,NULL,71,NULL,NULL,NULL);
INSERT INTO PrevalenceOfHIV(HIVID,IncidenceOfHIV,DeathID,YouthMale,YouthFemale,WomanAge15Plus) VALUES (72,1.5,72,0.5,1.9,69.0);
INSERT INTO PrevalenceOfHIV(HIVID,IncidenceOfHIV,DeathID,YouthMale,YouthFemale,WomanAge15Plus) VALUES (73,1.8,73,0.2,0.6,61.0);
INSERT INTO PrevalenceOfHIV(HIVID,IncidenceOfHIV,DeathID,YouthMale,YouthFemale,WomanAge15Plus) VALUES (74,0.3,74,0.1,0.1,32.0);
INSERT INTO PrevalenceOfHIV(HIVID,IncidenceOfHIV,DeathID,YouthMale,YouthFemale,WomanAge15Plus) VALUES (75,0.06,75,0.1,0.1,20.0);
INSERT INTO PrevalenceOfHIV(HIVID,IncidenceOfHIV,DeathID,YouthMale,YouthFemale,WomanAge15Plus) VALUES (76,1.1,76,0.4,1.0,67.0);
INSERT INTO PrevalenceOfHIV(HIVID,IncidenceOfHIV,DeathID,YouthMale,YouthFemale,WomanAge15Plus) VALUES (77,NULL,77,NULL,NULL,NULL);
INSERT INTO PrevalenceOfHIV(HIVID,IncidenceOfHIV,DeathID,YouthMale,YouthFemale,WomanAge15Plus) VALUES (78,NULL,78,NULL,NULL,NULL);
INSERT INTO PrevalenceOfHIV(HIVID,IncidenceOfHIV,DeathID,YouthMale,YouthFemale,WomanAge15Plus) VALUES (79,NULL,79,NULL,NULL,NULL);
INSERT INTO PrevalenceOfHIV(HIVID,IncidenceOfHIV,DeathID,YouthMale,YouthFemale,WomanAge15Plus) VALUES (80,NULL,80,NULL,NULL,NULL);
INSERT INTO PrevalenceOfHIV(HIVID,IncidenceOfHIV,DeathID,YouthMale,YouthFemale,WomanAge15Plus) VALUES (81,0.2,81,0.1,0.1,43.0);
INSERT INTO PrevalenceOfHIV(HIVID,IncidenceOfHIV,DeathID,YouthMale,YouthFemale,WomanAge15Plus) VALUES (82,0.8,82,0.3,0.8,62.0);
INSERT INTO PrevalenceOfHIV(HIVID,IncidenceOfHIV,DeathID,YouthMale,YouthFemale,WomanAge15Plus) VALUES (83,2.0,83,0.9,1.4,61.0);
INSERT INTO PrevalenceOfHIV(HIVID,IncidenceOfHIV,DeathID,YouthMale,YouthFemale,WomanAge15Plus) VALUES (84,0.8,84,0.3,0.4,48.0);
INSERT INTO PrevalenceOfHIV(HIVID,IncidenceOfHIV,DeathID,YouthMale,YouthFemale,WomanAge15Plus) VALUES (85,1.1,85,0.5,1.1,58.0);
INSERT INTO PrevalenceOfHIV(HIVID,IncidenceOfHIV,DeathID,YouthMale,YouthFemale,WomanAge15Plus) VALUES (86,0.1,86,0.2,0.1,40.0);
INSERT INTO PrevalenceOfHIV(HIVID,IncidenceOfHIV,DeathID,YouthMale,YouthFemale,WomanAge15Plus) VALUES (87,0.04,87,0.1,0.1,16.0);
INSERT INTO PrevalenceOfHIV(HIVID,IncidenceOfHIV,DeathID,YouthMale,YouthFemale,WomanAge15Plus) VALUES (88,0.1,88,0.1,0.1,26.0);
INSERT INTO PrevalenceOfHIV(HIVID,IncidenceOfHIV,DeathID,YouthMale,YouthFemale,WomanAge15Plus) VALUES (89,NULL,89,NULL,NULL,NULL);
INSERT INTO PrevalenceOfHIV(HIVID,IncidenceOfHIV,DeathID,YouthMale,YouthFemale,WomanAge15Plus) VALUES (90,0.3,90,0.3,0.2,36.0);
INSERT INTO PrevalenceOfHIV(HIVID,IncidenceOfHIV,DeathID,YouthMale,YouthFemale,WomanAge15Plus) VALUES (91,0.08,91,0.1,0.1,25.0);
INSERT INTO PrevalenceOfHIV(HIVID,IncidenceOfHIV,DeathID,YouthMale,YouthFemale,WomanAge15Plus) VALUES (92,NULL,92,NULL,NULL,NULL);
INSERT INTO PrevalenceOfHIV(HIVID,IncidenceOfHIV,DeathID,YouthMale,YouthFemale,WomanAge15Plus) VALUES (93,0.1,93,0.1,0.1,34.0);
INSERT INTO PrevalenceOfHIV(HIVID,IncidenceOfHIV,DeathID,YouthMale,YouthFemale,WomanAge15Plus) VALUES (94,NULL,94,NULL,NULL,NULL);
INSERT INTO PrevalenceOfHIV(HIVID,IncidenceOfHIV,DeathID,YouthMale,YouthFemale,WomanAge15Plus) VALUES (95,0.1,95,0.1,0.1,25.0);
INSERT INTO PrevalenceOfHIV(HIVID,IncidenceOfHIV,DeathID,YouthMale,YouthFemale,WomanAge15Plus) VALUES (96,0.1,96,0.1,0.1,30.0);
INSERT INTO PrevalenceOfHIV(HIVID,IncidenceOfHIV,DeathID,YouthMale,YouthFemale,WomanAge15Plus) VALUES (97,1.4,97,0.5,0.3,37.0);
INSERT INTO PrevalenceOfHIV(HIVID,IncidenceOfHIV,DeathID,YouthMale,YouthFemale,WomanAge15Plus) VALUES (98,0.02,98,0.1,0.1,10.0);
INSERT INTO PrevalenceOfHIV(HIVID,IncidenceOfHIV,DeathID,YouthMale,YouthFemale,WomanAge15Plus) VALUES (99,0.01,99,0.1,0.1,17.0);
INSERT INTO PrevalenceOfHIV(HIVID,IncidenceOfHIV,DeathID,YouthMale,YouthFemale,WomanAge15Plus) VALUES (100,0.2,100,0.1,0.1,37.0);
INSERT INTO PrevalenceOfHIV(HIVID,IncidenceOfHIV,DeathID,YouthMale,YouthFemale,WomanAge15Plus) VALUES (101,1.62,101,1.5,2.5,63.0);
INSERT INTO PrevalenceOfHIV(HIVID,IncidenceOfHIV,DeathID,YouthMale,YouthFemale,WomanAge15Plus) VALUES (102,NULL,102,NULL,NULL,NULL);
INSERT INTO PrevalenceOfHIV(HIVID,IncidenceOfHIV,DeathID,YouthMale,YouthFemale,WomanAge15Plus) VALUES (103,NULL,103,NULL,NULL,NULL);
INSERT INTO PrevalenceOfHIV(HIVID,IncidenceOfHIV,DeathID,YouthMale,YouthFemale,WomanAge15Plus) VALUES (104,NULL,104,NULL,NULL,NULL);
INSERT INTO PrevalenceOfHIV(HIVID,IncidenceOfHIV,DeathID,YouthMale,YouthFemale,WomanAge15Plus) VALUES (105,NULL,105,NULL,NULL,NULL);
INSERT INTO PrevalenceOfHIV(HIVID,IncidenceOfHIV,DeathID,YouthMale,YouthFemale,WomanAge15Plus) VALUES (106,0.06,106,0.1,0.1,29.0);
INSERT INTO PrevalenceOfHIV(HIVID,IncidenceOfHIV,DeathID,YouthMale,YouthFemale,WomanAge15Plus) VALUES (107,0.2,107,0.1,0.1,34.0);
INSERT INTO PrevalenceOfHIV(HIVID,IncidenceOfHIV,DeathID,YouthMale,YouthFemale,WomanAge15Plus) VALUES (108,0.1,108,0.1,0.1,45.0);
INSERT INTO PrevalenceOfHIV(HIVID,IncidenceOfHIV,DeathID,YouthMale,YouthFemale,WomanAge15Plus) VALUES (109,0.4,109,0.1,0.1,31.0);
INSERT INTO PrevalenceOfHIV(HIVID,IncidenceOfHIV,DeathID,YouthMale,YouthFemale,WomanAge15Plus) VALUES (110,0.04,110,0.1,0.1,16.0);
INSERT INTO PrevalenceOfHIV(HIVID,IncidenceOfHIV,DeathID,YouthMale,YouthFemale,WomanAge15Plus) VALUES (111,13.4,111,4.1,10.8,59.0);
INSERT INTO PrevalenceOfHIV(HIVID,IncidenceOfHIV,DeathID,YouthMale,YouthFemale,WomanAge15Plus) VALUES (112,0.6,112,0.4,0.8,62.0);
INSERT INTO PrevalenceOfHIV(HIVID,IncidenceOfHIV,DeathID,YouthMale,YouthFemale,WomanAge15Plus) VALUES (113,0.1,113,0.1,0.1,30.0);
INSERT INTO PrevalenceOfHIV(HIVID,IncidenceOfHIV,DeathID,YouthMale,YouthFemale,WomanAge15Plus) VALUES (114,NULL,114,NULL,NULL,NULL);
INSERT INTO PrevalenceOfHIV(HIVID,IncidenceOfHIV,DeathID,YouthMale,YouthFemale,WomanAge15Plus) VALUES (115,NULL,115,NULL,NULL,NULL);
INSERT INTO PrevalenceOfHIV(HIVID,IncidenceOfHIV,DeathID,YouthMale,YouthFemale,WomanAge15Plus) VALUES (116,0.2,116,0.1,0.1,28.0);
INSERT INTO PrevalenceOfHIV(HIVID,IncidenceOfHIV,DeathID,YouthMale,YouthFemale,WomanAge15Plus) VALUES (117,0.4,117,0.2,0.1,31.0);
INSERT INTO PrevalenceOfHIV(HIVID,IncidenceOfHIV,DeathID,YouthMale,YouthFemale,WomanAge15Plus) VALUES (118,4.4,118,2.0,4.3,60.0);
INSERT INTO PrevalenceOfHIV(HIVID,IncidenceOfHIV,DeathID,YouthMale,YouthFemale,WomanAge15Plus) VALUES (119,0.31,119,0.3,0.1,17.0);
INSERT INTO PrevalenceOfHIV(HIVID,IncidenceOfHIV,DeathID,YouthMale,YouthFemale,WomanAge15Plus) VALUES (120,NULL,120,NULL,NULL,NULL);
INSERT INTO PrevalenceOfHIV(HIVID,IncidenceOfHIV,DeathID,YouthMale,YouthFemale,WomanAge15Plus) VALUES (121,1.3,121,0.4,1.0,64.0);
INSERT INTO PrevalenceOfHIV(HIVID,IncidenceOfHIV,DeathID,YouthMale,YouthFemale,WomanAge15Plus) VALUES (122,NULL,122,NULL,NULL,NULL);
INSERT INTO PrevalenceOfHIV(HIVID,IncidenceOfHIV,DeathID,YouthMale,YouthFemale,WomanAge15Plus) VALUES (123,NULL,123,NULL,NULL,NULL);
INSERT INTO PrevalenceOfHIV(HIVID,IncidenceOfHIV,DeathID,YouthMale,YouthFemale,WomanAge15Plus) VALUES (124,0.05,124,0.1,0.1,39.0);
INSERT INTO PrevalenceOfHIV(HIVID,IncidenceOfHIV,DeathID,YouthMale,YouthFemale,WomanAge15Plus) VALUES (125,1.2,125,0.2,0.2,31.0);
INSERT INTO PrevalenceOfHIV(HIVID,IncidenceOfHIV,DeathID,YouthMale,YouthFemale,WomanAge15Plus) VALUES (126,0.14,126,0.1,0.1,16.0);
INSERT INTO PrevalenceOfHIV(HIVID,IncidenceOfHIV,DeathID,YouthMale,YouthFemale,WomanAge15Plus) VALUES (127,NULL,127,NULL,NULL,NULL);
INSERT INTO PrevalenceOfHIV(HIVID,IncidenceOfHIV,DeathID,YouthMale,YouthFemale,WomanAge15Plus) VALUES (128,0.44,128,0.1,0.1,40.0);
INSERT INTO PrevalenceOfHIV(HIVID,IncidenceOfHIV,DeathID,YouthMale,YouthFemale,WomanAge15Plus) VALUES (129,NULL,129,NULL,NULL,NULL);
INSERT INTO PrevalenceOfHIV(HIVID,IncidenceOfHIV,DeathID,YouthMale,YouthFemale,WomanAge15Plus) VALUES (130,0.02,130,0.1,0.1,19.0);
INSERT INTO PrevalenceOfHIV(HIVID,IncidenceOfHIV,DeathID,YouthMale,YouthFemale,WomanAge15Plus) VALUES (131,0.14,131,0.1,0.1,12.0);
INSERT INTO PrevalenceOfHIV(HIVID,IncidenceOfHIV,DeathID,YouthMale,YouthFemale,WomanAge15Plus) VALUES (132,0.04,132,0.1,0.1,42.0);
INSERT INTO PrevalenceOfHIV(HIVID,IncidenceOfHIV,DeathID,YouthMale,YouthFemale,WomanAge15Plus) VALUES (133,10.1,133,3.0,7.2,61.0);
INSERT INTO PrevalenceOfHIV(HIVID,IncidenceOfHIV,DeathID,YouthMale,YouthFemale,WomanAge15Plus) VALUES (134,0.3,134,0.4,0.3,38.0);
INSERT INTO PrevalenceOfHIV(HIVID,IncidenceOfHIV,DeathID,YouthMale,YouthFemale,WomanAge15Plus) VALUES (135,4.9,135,2.6,4.5,60.0);
INSERT INTO PrevalenceOfHIV(HIVID,IncidenceOfHIV,DeathID,YouthMale,YouthFemale,WomanAge15Plus) VALUES (136,0.05,136,0.1,0.1,40.0);
INSERT INTO PrevalenceOfHIV(HIVID,IncidenceOfHIV,DeathID,YouthMale,YouthFemale,WomanAge15Plus) VALUES (137,0.05,137,0.1,0.1,17.0);
INSERT INTO PrevalenceOfHIV(HIVID,IncidenceOfHIV,DeathID,YouthMale,YouthFemale,WomanAge15Plus) VALUES (138,NULL,138,NULL,NULL,NULL);
INSERT INTO PrevalenceOfHIV(HIVID,IncidenceOfHIV,DeathID,YouthMale,YouthFemale,WomanAge15Plus) VALUES (139,0.06,139,0.1,0.1,16.0);
INSERT INTO PrevalenceOfHIV(HIVID,IncidenceOfHIV,DeathID,YouthMale,YouthFemale,WomanAge15Plus) VALUES (140,0.1,140,0.1,0.1,33.0);
INSERT INTO PrevalenceOfHIV(HIVID,IncidenceOfHIV,DeathID,YouthMale,YouthFemale,WomanAge15Plus) VALUES (141,0.1,141,0.1,0.1,51.0);
INSERT INTO PrevalenceOfHIV(HIVID,IncidenceOfHIV,DeathID,YouthMale,YouthFemale,WomanAge15Plus) VALUES (142,1.02,142,0.5,0.8,57.0);
INSERT INTO PrevalenceOfHIV(HIVID,IncidenceOfHIV,DeathID,YouthMale,YouthFemale,WomanAge15Plus) VALUES (143,0.04,143,0.1,0.1,12.0);
INSERT INTO PrevalenceOfHIV(HIVID,IncidenceOfHIV,DeathID,YouthMale,YouthFemale,WomanAge15Plus) VALUES (144,NULL,144,NULL,NULL,NULL);
INSERT INTO PrevalenceOfHIV(HIVID,IncidenceOfHIV,DeathID,YouthMale,YouthFemale,WomanAge15Plus) VALUES (145,0.04,145,0.1,0.1,28.0);
INSERT INTO PrevalenceOfHIV(HIVID,IncidenceOfHIV,DeathID,YouthMale,YouthFemale,WomanAge15Plus) VALUES (146,0.1,146,0.1,0.1,30.0);
INSERT INTO PrevalenceOfHIV(HIVID,IncidenceOfHIV,DeathID,YouthMale,YouthFemale,WomanAge15Plus) VALUES (147,0.2,147,0.1,0.1,30.0);
INSERT INTO PrevalenceOfHIV(HIVID,IncidenceOfHIV,DeathID,YouthMale,YouthFemale,WomanAge15Plus) VALUES (148,NULL,148,NULL,NULL,NULL);
INSERT INTO PrevalenceOfHIV(HIVID,IncidenceOfHIV,DeathID,YouthMale,YouthFemale,WomanAge15Plus) VALUES (149,0.6,149,0.2,0.1,30.0);
INSERT INTO PrevalenceOfHIV(HIVID,IncidenceOfHIV,DeathID,YouthMale,YouthFemale,WomanAge15Plus) VALUES (150,0.4,150,0.2,0.3,58.0);
INSERT INTO PrevalenceOfHIV(HIVID,IncidenceOfHIV,DeathID,YouthMale,YouthFemale,WomanAge15Plus) VALUES (151,0.3,151,0.2,0.2,31.0);
INSERT INTO PrevalenceOfHIV(HIVID,IncidenceOfHIV,DeathID,YouthMale,YouthFemale,WomanAge15Plus) VALUES (152,0.2,152,0.1,0.1,23.0);
INSERT INTO PrevalenceOfHIV(HIVID,IncidenceOfHIV,DeathID,YouthMale,YouthFemale,WomanAge15Plus) VALUES (153,0.24,153,0.3,0.1,6.0);
INSERT INTO PrevalenceOfHIV(HIVID,IncidenceOfHIV,DeathID,YouthMale,YouthFemale,WomanAge15Plus) VALUES (154,NULL,154,NULL,NULL,NULL);
INSERT INTO PrevalenceOfHIV(HIVID,IncidenceOfHIV,DeathID,YouthMale,YouthFemale,WomanAge15Plus) VALUES (155,0.1,155,0.1,0.1,29.0);
INSERT INTO PrevalenceOfHIV(HIVID,IncidenceOfHIV,DeathID,YouthMale,YouthFemale,WomanAge15Plus) VALUES (156,NULL,156,NULL,NULL,NULL);
INSERT INTO PrevalenceOfHIV(HIVID,IncidenceOfHIV,DeathID,YouthMale,YouthFemale,WomanAge15Plus) VALUES (157,NULL,157,NULL,NULL,NULL);
INSERT INTO PrevalenceOfHIV(HIVID,IncidenceOfHIV,DeathID,YouthMale,YouthFemale,WomanAge15Plus) VALUES (158,0.1,158,0.1,0.1,36.0);
INSERT INTO PrevalenceOfHIV(HIVID,IncidenceOfHIV,DeathID,YouthMale,YouthFemale,WomanAge15Plus) VALUES (159,NULL,159,NULL,NULL,NULL);
INSERT INTO PrevalenceOfHIV(HIVID,IncidenceOfHIV,DeathID,YouthMale,YouthFemale,WomanAge15Plus) VALUES (160,0.5,160,0.5,0.9,62.0);
INSERT INTO PrevalenceOfHIV(HIVID,IncidenceOfHIV,DeathID,YouthMale,YouthFemale,WomanAge15Plus) VALUES (161,NULL,161,NULL,NULL,NULL);
INSERT INTO PrevalenceOfHIV(HIVID,IncidenceOfHIV,DeathID,YouthMale,YouthFemale,WomanAge15Plus) VALUES (162,NULL,162,NULL,NULL,NULL);
INSERT INTO PrevalenceOfHIV(HIVID,IncidenceOfHIV,DeathID,YouthMale,YouthFemale,WomanAge15Plus) VALUES (163,NULL,163,NULL,NULL,NULL);
INSERT INTO PrevalenceOfHIV(HIVID,IncidenceOfHIV,DeathID,YouthMale,YouthFemale,WomanAge15Plus) VALUES (164,NULL,164,NULL,NULL,NULL);
INSERT INTO PrevalenceOfHIV(HIVID,IncidenceOfHIV,DeathID,YouthMale,YouthFemale,WomanAge15Plus) VALUES (165,0.1,165,0.1,0.2,67.0);
INSERT INTO PrevalenceOfHIV(HIVID,IncidenceOfHIV,DeathID,YouthMale,YouthFemale,WomanAge15Plus) VALUES (166,0.04,166,0.1,0.1,16.0);
INSERT INTO PrevalenceOfHIV(HIVID,IncidenceOfHIV,DeathID,YouthMale,YouthFemale,WomanAge15Plus) VALUES (167,NULL,167,NULL,NULL,NULL);
INSERT INTO PrevalenceOfHIV(HIVID,IncidenceOfHIV,DeathID,YouthMale,YouthFemale,WomanAge15Plus) VALUES (168,0.9,168,0.5,1.1,61.0);
INSERT INTO PrevalenceOfHIV(HIVID,IncidenceOfHIV,DeathID,YouthMale,YouthFemale,WomanAge15Plus) VALUES (169,0.07,169,0.1,0.1,10.0);
INSERT INTO PrevalenceOfHIV(HIVID,IncidenceOfHIV,DeathID,YouthMale,YouthFemale,WomanAge15Plus) VALUES (170,NULL,170,NULL,NULL,NULL);
INSERT INTO PrevalenceOfHIV(HIVID,IncidenceOfHIV,DeathID,YouthMale,YouthFemale,WomanAge15Plus) VALUES (171,0.04,171,0.1,0.1,14.0);
INSERT INTO PrevalenceOfHIV(HIVID,IncidenceOfHIV,DeathID,YouthMale,YouthFemale,WomanAge15Plus) VALUES (172,NULL,172,NULL,NULL,NULL);
INSERT INTO PrevalenceOfHIV(HIVID,IncidenceOfHIV,DeathID,YouthMale,YouthFemale,WomanAge15Plus) VALUES (173,NULL,173,NULL,NULL,NULL);
INSERT INTO PrevalenceOfHIV(HIVID,IncidenceOfHIV,DeathID,YouthMale,YouthFemale,WomanAge15Plus) VALUES (174,0.04,174,0.1,0.1,59.0);
INSERT INTO PrevalenceOfHIV(HIVID,IncidenceOfHIV,DeathID,YouthMale,YouthFemale,WomanAge15Plus) VALUES (175,8.7,175,3.7,11.3,62.0);
INSERT INTO PrevalenceOfHIV(HIVID,IncidenceOfHIV,DeathID,YouthMale,YouthFemale,WomanAge15Plus) VALUES (176,2.6,176,0.7,1.2,59.0);
INSERT INTO PrevalenceOfHIV(HIVID,IncidenceOfHIV,DeathID,YouthMale,YouthFemale,WomanAge15Plus) VALUES (177,0.13,177,0.1,0.1,18.0);
INSERT INTO PrevalenceOfHIV(HIVID,IncidenceOfHIV,DeathID,YouthMale,YouthFemale,WomanAge15Plus) VALUES (178,0.01,178,0.1,0.1,30.0);
INSERT INTO PrevalenceOfHIV(HIVID,IncidenceOfHIV,DeathID,YouthMale,YouthFemale,WomanAge15Plus) VALUES (179,NULL,179,NULL,NULL,NULL);
INSERT INTO PrevalenceOfHIV(HIVID,IncidenceOfHIV,DeathID,YouthMale,YouthFemale,WomanAge15Plus) VALUES (180,NULL,180,NULL,NULL,NULL);
INSERT INTO PrevalenceOfHIV(HIVID,IncidenceOfHIV,DeathID,YouthMale,YouthFemale,WomanAge15Plus) VALUES (181,NULL,181,NULL,NULL,NULL);
INSERT INTO PrevalenceOfHIV(HIVID,IncidenceOfHIV,DeathID,YouthMale,YouthFemale,WomanAge15Plus) VALUES (182,NULL,182,NULL,NULL,NULL);
INSERT INTO PrevalenceOfHIV(HIVID,IncidenceOfHIV,DeathID,YouthMale,YouthFemale,WomanAge15Plus) VALUES (183,0.2,183,0.1,0.1,47.0);
INSERT INTO PrevalenceOfHIV(HIVID,IncidenceOfHIV,DeathID,YouthMale,YouthFemale,WomanAge15Plus) VALUES (184,0.8,184,0.3,0.3,43.0);
INSERT INTO PrevalenceOfHIV(HIVID,IncidenceOfHIV,DeathID,YouthMale,YouthFemale,WomanAge15Plus) VALUES (185,NULL,185,NULL,NULL,NULL);
INSERT INTO PrevalenceOfHIV(HIVID,IncidenceOfHIV,DeathID,YouthMale,YouthFemale,WomanAge15Plus) VALUES (186,NULL,186,NULL,NULL,NULL);
INSERT INTO PrevalenceOfHIV(HIVID,IncidenceOfHIV,DeathID,YouthMale,YouthFemale,WomanAge15Plus) VALUES (187,0.01,187,0.1,0.1,31.0);
INSERT INTO PrevalenceOfHIV(HIVID,IncidenceOfHIV,DeathID,YouthMale,YouthFemale,WomanAge15Plus) VALUES (188,0.2,188,0.1,0.1,28.0);
INSERT INTO PrevalenceOfHIV(HIVID,IncidenceOfHIV,DeathID,YouthMale,YouthFemale,WomanAge15Plus) VALUES (189,2.5,189,1.2,2.2,60.0);
INSERT INTO PrevalenceOfHIV(HIVID,IncidenceOfHIV,DeathID,YouthMale,YouthFemale,WomanAge15Plus) VALUES (190,0.2,190,0.3,0.2,44.0);
INSERT INTO PrevalenceOfHIV(HIVID,IncidenceOfHIV,DeathID,YouthMale,YouthFemale,WomanAge15Plus) VALUES (191,NULL,191,NULL,NULL,NULL);
INSERT INTO PrevalenceOfHIV(HIVID,IncidenceOfHIV,DeathID,YouthMale,YouthFemale,WomanAge15Plus) VALUES (192,1.06,192,0.5,1.0,64.0);
INSERT INTO PrevalenceOfHIV(HIVID,IncidenceOfHIV,DeathID,YouthMale,YouthFemale,WomanAge15Plus) VALUES (193,NULL,193,NULL,NULL,NULL);
INSERT INTO PrevalenceOfHIV(HIVID,IncidenceOfHIV,DeathID,YouthMale,YouthFemale,WomanAge15Plus) VALUES (194,NULL,194,NULL,NULL,NULL);
INSERT INTO PrevalenceOfHIV(HIVID,IncidenceOfHIV,DeathID,YouthMale,YouthFemale,WomanAge15Plus) VALUES (195,0.04,195,0.1,0.1,33.0);
INSERT INTO PrevalenceOfHIV(HIVID,IncidenceOfHIV,DeathID,YouthMale,YouthFemale,WomanAge15Plus) VALUES (196,NULL,196,NULL,NULL,NULL);
INSERT INTO PrevalenceOfHIV(HIVID,IncidenceOfHIV,DeathID,YouthMale,YouthFemale,WomanAge15Plus) VALUES (197,NULL,197,NULL,NULL,NULL);
INSERT INTO PrevalenceOfHIV(HIVID,IncidenceOfHIV,DeathID,YouthMale,YouthFemale,WomanAge15Plus) VALUES (198,NULL,198,NULL,NULL,NULL);
INSERT INTO PrevalenceOfHIV(HIVID,IncidenceOfHIV,DeathID,YouthMale,YouthFemale,WomanAge15Plus) VALUES (199,NULL,199,NULL,NULL,NULL);
INSERT INTO PrevalenceOfHIV(HIVID,IncidenceOfHIV,DeathID,YouthMale,YouthFemale,WomanAge15Plus) VALUES (200,2.6,200,1.1,2.8,60.0);
INSERT INTO PrevalenceOfHIV(HIVID,IncidenceOfHIV,DeathID,YouthMale,YouthFemale,WomanAge15Plus) VALUES (201,0.6,201,0.1,0.1,37.0);
INSERT INTO PrevalenceOfHIV(HIVID,IncidenceOfHIV,DeathID,YouthMale,YouthFemale,WomanAge15Plus) VALUES (202,NULL,202,NULL,NULL,NULL);
INSERT INTO PrevalenceOfHIV(HIVID,IncidenceOfHIV,DeathID,YouthMale,YouthFemale,WomanAge15Plus) VALUES (203,NULL,203,NULL,NULL,29.0);
INSERT INTO PrevalenceOfHIV(HIVID,IncidenceOfHIV,DeathID,YouthMale,YouthFemale,WomanAge15Plus) VALUES (204,NULL,204,NULL,NULL,NULL);
INSERT INTO PrevalenceOfHIV(HIVID,IncidenceOfHIV,DeathID,YouthMale,YouthFemale,WomanAge15Plus) VALUES (205,0.5,205,0.2,0.1,29.0);
INSERT INTO PrevalenceOfHIV(HIVID,IncidenceOfHIV,DeathID,YouthMale,YouthFemale,WomanAge15Plus) VALUES (206,0.2,206,0.1,0.1,34.0);
INSERT INTO PrevalenceOfHIV(HIVID,IncidenceOfHIV,DeathID,YouthMale,YouthFemale,WomanAge15Plus) VALUES (207,NULL,207,NULL,NULL,NULL);
INSERT INTO PrevalenceOfHIV(HIVID,IncidenceOfHIV,DeathID,YouthMale,YouthFemale,WomanAge15Plus) VALUES (208,NULL,208,NULL,NULL,34.0);
INSERT INTO PrevalenceOfHIV(HIVID,IncidenceOfHIV,DeathID,YouthMale,YouthFemale,WomanAge15Plus) VALUES (209,0.1,209,0.1,0.1,33.0);
INSERT INTO PrevalenceOfHIV(HIVID,IncidenceOfHIV,DeathID,YouthMale,YouthFemale,WomanAge15Plus) VALUES (210,NULL,210,NULL,NULL,NULL);
INSERT INTO PrevalenceOfHIV(HIVID,IncidenceOfHIV,DeathID,YouthMale,YouthFemale,WomanAge15Plus) VALUES (211,NULL,211,NULL,NULL,NULL);
INSERT INTO PrevalenceOfHIV(HIVID,IncidenceOfHIV,DeathID,YouthMale,YouthFemale,WomanAge15Plus) VALUES (212,0.07,212,0.1,0.1,22.0);
INSERT INTO PrevalenceOfHIV(HIVID,IncidenceOfHIV,DeathID,YouthMale,YouthFemale,WomanAge15Plus) VALUES (213,5.67,213,2.4,5.0,59.0);
INSERT INTO PrevalenceOfHIV(HIVID,IncidenceOfHIV,DeathID,YouthMale,YouthFemale,WomanAge15Plus) VALUES (214,4.86,214,3.2,5.7,60.0);
